{"type": "FeatureCollection", "features": [{"type": "Feature", "properties": {"id": "c4272274-3ccd-475b-b7b9-e13019ff9edc", "poi_type": "parking", "poi_type_pt": "Estacionamento", "poi_type_en": "Parking", "photo": "https://streetcostorage.blob.core.windows.net/poi-photo-prod/c4272274-3ccd-475b-b7b9-e13019ff9edc.jpeg", "origin": "streetco", "reported_at": "2026-09-29T15:47:51", "condition": null, "accessibility": null, "cleanliness": null, "specifications": ""}, "geometry": {"type": "Point", "coordinates": [-9.1329061661786, 38.74240330949738]}}, {"type": "Feature", "properties": {"id": "d16117c0-e434-4d51-9e3e-b4f0fd73b15b", "poi_type": "bench", "poi_type_pt": "Banco", "poi_type_en": "Bench", "photo": "https://streetcostorage.blob.core.windows.net/poi-photo-prod/d16117c0-e434-4d51-9e3e-b4f0fd73b15b.jpeg", "origin": "streetco", "reported_at": "2026-09-29T15:46:05", "condition": "functional", "accessibility": null, "cleanliness": "clean", "specifications": "clean, functional"}, "geometry": {"type": "Point", "coordinates": [-9.13290161759005, 38.74188781698567]}}, {"type": "Feature", "properties": {"id": "230db720-7de6-41fa-9535-722c5b8ea412", "poi_type": "bench", "poi_type_pt": "Banco", "poi_type_en": "Bench", "photo": "https://streetcostorage.blob.core.windows.net/poi-photo-prod/230db720-7de6-41fa-9535-722c5b8ea412.jpeg", "origin": "streetco", "reported_at": "2026-09-29T15:45:50", "condition": "functional", "accessibility": null, "cleanliness": "dirty", "specifications": "dirty, functional"}, "geometry": {"type": "Point", "coordinates": [-9.133087962768968, 38.74178575744796]}}, {"type": "Feature", "properties": {"id": "d94db1d6-2e83-4ca9-a793-9c9f96b05ec7", "poi_type": "bench", "poi_type_pt": "Banco", "poi_type_en": "Bench", "photo": "https://streetcostorage.blob.core.windows.net/poi-photo-prod/d94db1d6-2e83-4ca9-a793-9c9f96b05ec7.jpeg", "origin": "streetco", "reported_at": "2026-09-29T15:37:48", "condition": "functional", "accessibility": null, "cleanliness": "clean", "specifications": "clean, functional"}, "geometry": {"type": "Point", "coordinates": [-9.136917487393703, 38.74106446585978]}}, {"type": "Feature", "properties": {"id": "f44bf5d4-142a-46f3-8eb3-86e9ce7f0563", "poi_type": "bench", "poi_type_pt": "Banco", "poi_type_en": "Bench", "photo": "https://streetcostorage.blob.core.windows.net/poi-photo-prod/f44bf5d4-142a-46f3-8eb3-86e9ce7f0563.jpeg", "origin": "streetco", "reported_at": "2026-09-29T15:35:41", "condition": "functional", "accessibility": null, "cleanliness": "dirty", "specifications": "dirty, functional"}, "geometry": {"type": "Point", "coordinates": [-9.136538905307475, 38.73992091965448]}}, {"type": "Feature", "properties": {"id": "9a336db7-78bd-40ff-a656-ebcd1a1e5a42", "poi_type": "parking", "poi_type_pt": "Estacionamento", "poi_type_en": "Parking", "photo": "https://streetcostorage.blob.core.windows.net/poi-photo-prod/9a336db7-78bd-40ff-a656-ebcd1a1e5a42.jpeg", "origin": "streetco", "reported_at": "2026-09-29T15:25:53", "condition": null, "accessibility": null, "cleanliness": null, "specifications": ""}, "geometry": {"type": "Point", "coordinates": [-9.135353424821233, 38.734069800166395]}}, {"type": "Feature", "properties": {"id": "070dd8e5-6c64-4e83-9260-e0bd9d3cc913", "poi_type": "parking", "poi_type_pt": "Estacionamento", "poi_type_en": "Parking", "photo": "https://streetcostorage.blob.core.windows.net/poi-photo-prod/070dd8e5-6c64-4e83-9260-e0bd9d3cc913.jpeg", "origin": "streetco", "reported_at": "2026-09-29T14:36:27", "condition": null, "accessibility": null, "cleanliness": null, "specifications": ""}, "geometry": {"type": "Point", "coordinates": [-9.135413404395422, 38.73653366507165]}}, {"type": "Feature", "properties": {"id": "017e0a77-c096-49c8-9b67-bcdf2718b1c9", "poi_type": "parking", "poi_type_pt": "Estacionamento", "poi_type_en": "Parking", "photo": "https://streetcostorage.blob.core.windows.net/poi-photo-prod/017e0a77-c096-49c8-9b67-bcdf2718b1c9.jpeg", "origin": "streetco", "reported_at": "2026-09-28T16:21:40", "condition": null, "accessibility": null, "cleanliness": null, "specifications": ""}, "geometry": {"type": "Point", "coordinates": [-9.161886927112846, 38.72468150396372]}}, {"type": "Feature", "properties": {"id": "393dcf1e-b0f9-43c6-8133-edca42e3d8aa", "poi_type": "parking", "poi_type_pt": "Estacionamento", "poi_type_en": "Parking", "photo": "https://streetcostorage.blob.core.windows.net/poi-photo-prod/393dcf1e-b0f9-43c6-8133-edca42e3d8aa.jpeg", "origin": "streetco", "reported_at": "2026-09-28T16:20:55", "condition": null, "accessibility": null, "cleanliness": null, "specifications": ""}, "geometry": {"type": "Point", "coordinates": [-9.161789826635413, 38.7250025901956]}}, {"type": "Feature", "properties": {"id": "75e0229e-f3ed-4088-a7fd-4c3930cf189d", "poi_type": "bench", "poi_type_pt": "Banco", "poi_type_en": "Bench", "photo": "https://streetcostorage.blob.core.windows.net/poi-photo-prod/75e0229e-f3ed-4088-a7fd-4c3930cf189d.jpeg", "origin": "streetco", "reported_at": "2026-09-28T15:27:57", "condition": "functional", "accessibility": null, "cleanliness": "clean", "specifications": "clean, functional"}, "geometry": {"type": "Point", "coordinates": [-9.161129515575908, 38.72629235553481]}}, {"type": "Feature", "properties": {"id": "389c5c53-87d9-42da-8abd-d9d94b3d99a4", "poi_type": "parking", "poi_type_pt": "Estacionamento", "poi_type_en": "Parking", "photo": "https://streetcostorage.blob.core.windows.net/poi-photo-prod/389c5c53-87d9-42da-8abd-d9d94b3d99a4.jpeg", "origin": "streetco", "reported_at": "2026-09-28T15:27:43", "condition": null, "accessibility": null, "cleanliness": null, "specifications": ""}, "geometry": {"type": "Point", "coordinates": [-9.160949153616912, 38.72614776693442]}}, {"type": "Feature", "properties": {"id": "47f76232-5ef9-4f91-919b-89a03e19395b", "poi_type": "parking", "poi_type_pt": "Estacionamento", "poi_type_en": "Parking", "photo": "https://streetcostorage.blob.core.windows.net/poi-photo-prod/47f76232-5ef9-4f91-919b-89a03e19395b.jpeg", "origin": "streetco", "reported_at": "2026-09-28T13:12:15", "condition": null, "accessibility": null, "cleanliness": null, "specifications": ""}, "geometry": {"type": "Point", "coordinates": [-9.208980117079818, 38.710234225261246]}}, {"type": "Feature", "properties": {"id": "162f0645-5798-4b0d-99fc-be0df11da789", "poi_type": "bench", "poi_type_pt": "Banco", "poi_type_en": "Bench", "photo": "https://streetcostorage.blob.core.windows.net/poi-photo-prod/162f0645-5798-4b0d-99fc-be0df11da789.jpeg", "origin": "streetco", "reported_at": "2026-09-27T11:41:32", "condition": "functional", "accessibility": null, "cleanliness": "clean", "specifications": "clean, functional"}, "geometry": {"type": "Point", "coordinates": [-9.14592348840631, 38.735214538565344]}}, {"type": "Feature", "properties": {"id": "90a6dd53-d9e6-4c83-83c8-82d24b7eced3", "poi_type": "bench", "poi_type_pt": "Banco", "poi_type_en": "Bench", "photo": "https://streetcostorage.blob.core.windows.net/poi-photo-prod/90a6dd53-d9e6-4c83-83c8-82d24b7eced3.jpeg", "origin": "streetco", "reported_at": "2026-09-25T14:28:11", "condition": "functional", "accessibility": null, "cleanliness": "clean", "specifications": "clean, functional"}, "geometry": {"type": "Point", "coordinates": [-9.15571233785522, 38.741257599717215]}}, {"type": "Feature", "properties": {"id": "10a694e6-79df-4a20-84c5-105c405ebc65", "poi_type": "parking", "poi_type_pt": "Estacionamento", "poi_type_en": "Parking", "photo": "https://streetcostorage.blob.core.windows.net/poi-photo-prod/10a694e6-79df-4a20-84c5-105c405ebc65.jpeg", "origin": "streetco", "reported_at": "2026-09-25T14:19:35", "condition": null, "accessibility": null, "cleanliness": null, "specifications": ""}, "geometry": {"type": "Point", "coordinates": [-9.160298740139979, 38.71206455615939]}}, {"type": "Feature", "properties": {"id": "d174300a-edfa-4a80-a568-0b065bb62b32", "poi_type": "parking", "poi_type_pt": "Estacionamento", "poi_type_en": "Parking", "photo": "https://streetcostorage.blob.core.windows.net/poi-photo-prod/d174300a-edfa-4a80-a568-0b065bb62b32.jpeg", "origin": "streetco", "reported_at": "2026-09-25T14:17:18", "condition": null, "accessibility": null, "cleanliness": null, "specifications": ""}, "geometry": {"type": "Point", "coordinates": [-9.159514605107688, 38.71113802782148]}}, {"type": "Feature", "properties": {"id": "595bdb61-1ddd-41a6-9cba-ca0b6dec0480", "poi_type": "parking", "poi_type_pt": "Estacionamento", "poi_type_en": "Parking", "photo": "https://streetcostorage.blob.core.windows.net/poi-photo-prod/595bdb61-1ddd-41a6-9cba-ca0b6dec0480.jpeg", "origin": "streetco", "reported_at": "2026-09-25T14:14:36", "condition": null, "accessibility": null, "cleanliness": null, "specifications": ""}, "geometry": {"type": "Point", "coordinates": [-9.159560622154686, 38.71247466323652]}}, {"type": "Feature", "properties": {"id": "17241f46-bb56-4b39-a10a-0af2b1cdeef9", "poi_type": "bench", "poi_type_pt": "Banco", "poi_type_en": "Bench", "photo": "https://streetcostorage.blob.core.windows.net/poi-photo-prod/17241f46-bb56-4b39-a10a-0af2b1cdeef9.jpeg", "origin": "streetco", "reported_at": "2026-09-25T14:03:41", "condition": "functional", "accessibility": null, "cleanliness": "clean", "specifications": "clean, functional"}, "geometry": {"type": "Point", "coordinates": [-9.146133304538125, 38.73841442509345]}}, {"type": "Feature", "properties": {"id": "71248ecf-f8d0-4806-95c8-6a06a12444c5", "poi_type": "water_source", "poi_type_pt": "Fonte de água", "poi_type_en": "Water source", "photo": "https://streetcostorage.blob.core.windows.net/poi-photo-prod/71248ecf-f8d0-4806-95c8-6a06a12444c5.jpeg", "origin": "streetco", "reported_at": "2026-09-25T13:43:01", "condition": "functional", "accessibility": "accessible", "cleanliness": null, "specifications": "functional, accessible"}, "geometry": {"type": "Point", "coordinates": [-9.136789172075396, 38.737163337418934]}}, {"type": "Feature", "properties": {"id": "f9f937be-34d5-463f-840c-42784b8f2e80", "poi_type": "bench", "poi_type_pt": "Banco", "poi_type_en": "Bench", "photo": "https://streetcostorage.blob.core.windows.net/poi-photo-prod/f9f937be-34d5-463f-840c-42784b8f2e80.jpeg", "origin": "streetco", "reported_at": "2026-09-25T11:09:51", "condition": "functional", "accessibility": null, "cleanliness": "clean", "specifications": "clean, functional"}, "geometry": {"type": "Point", "coordinates": [-9.162072434306651, 38.727150037463446]}}, {"type": "Feature", "properties": {"id": "c576b3d7-c4fa-481f-8f49-a2997fa253d8", "poi_type": "bench", "poi_type_pt": "Banco", "poi_type_en": "Bench", "photo": "https://streetcostorage.blob.core.windows.net/poi-photo-prod/c576b3d7-c4fa-481f-8f49-a2997fa253d8.jpeg", "origin": "streetco", "reported_at": "2026-09-25T10:54:21", "condition": "functional", "accessibility": null, "cleanliness": "clean", "specifications": "clean, functional"}, "geometry": {"type": "Point", "coordinates": [-9.1639443286183, 38.71728895175673]}}, {"type": "Feature", "properties": {"id": "8cbb811d-4e6f-482c-903c-397a64cea428", "poi_type": "bench", "poi_type_pt": "Banco", "poi_type_en": "Bench", "photo": "https://streetcostorage.blob.core.windows.net/poi-photo-prod/8cbb811d-4e6f-482c-903c-397a64cea428.jpeg", "origin": "streetco", "reported_at": "2026-09-25T10:53:47", "condition": "functional", "accessibility": null, "cleanliness": "clean", "specifications": "clean, functional"}, "geometry": {"type": "Point", "coordinates": [-9.163942948923705, 38.71698067353603]}}, {"type": "Feature", "properties": {"id": "489f4f50-14ac-48e1-b017-b2baabf18854", "poi_type": "bench", "poi_type_pt": "Banco", "poi_type_en": "Bench", "photo": "https://streetcostorage.blob.core.windows.net/poi-photo-prod/489f4f50-14ac-48e1-b017-b2baabf18854.jpeg", "origin": "streetco", "reported_at": "2026-09-25T10:53:18", "condition": "functional", "accessibility": null, "cleanliness": "clean", "specifications": "clean, functional"}, "geometry": {"type": "Point", "coordinates": [-9.164269533371112, 38.716511290419845]}}, {"type": "Feature", "properties": {"id": "d2780ac9-224d-4b9e-9544-44cbd2130869", "poi_type": "bench", "poi_type_pt": "Banco", "poi_type_en": "Bench", "photo": "https://streetcostorage.blob.core.windows.net/poi-photo-prod/d2780ac9-224d-4b9e-9544-44cbd2130869.jpeg", "origin": "streetco", "reported_at": "2026-09-25T10:51:53", "condition": "functional", "accessibility": null, "cleanliness": "clean", "specifications": "clean, functional"}, "geometry": {"type": "Point", "coordinates": [-9.163907441873107, 38.71634322314165]}}, {"type": "Feature", "properties": {"id": "6420a1e0-ec47-4e78-a14a-540f84ef21d7", "poi_type": "parking", "poi_type_pt": "Estacionamento", "poi_type_en": "Parking", "photo": "https://streetcostorage.blob.core.windows.net/poi-photo-prod/6420a1e0-ec47-4e78-a14a-540f84ef21d7.jpeg", "origin": "streetco", "reported_at": "2026-09-25T10:51:26", "condition": null, "accessibility": null, "cleanliness": null, "specifications": ""}, "geometry": {"type": "Point", "coordinates": [-9.163882658773673, 38.71663051714796]}}, {"type": "Feature", "properties": {"id": "ff927fb5-5cec-4e4d-9ec0-f983e8f099af", "poi_type": "bench", "poi_type_pt": "Banco", "poi_type_en": "Bench", "photo": "https://streetcostorage.blob.core.windows.net/poi-photo-prod/ff927fb5-5cec-4e4d-9ec0-f983e8f099af.jpeg", "origin": "streetco", "reported_at": "2026-09-25T10:50:37", "condition": "functional", "accessibility": null, "cleanliness": "clean", "specifications": "clean, functional"}, "geometry": {"type": "Point", "coordinates": [-9.164016578334326, 38.71701208681699]}}, {"type": "Feature", "properties": {"id": "fc95ff09-8712-4646-8a7c-7bebb2f36065", "poi_type": "bench", "poi_type_pt": "Banco", "poi_type_en": "Bench", "photo": "https://streetcostorage.blob.core.windows.net/poi-photo-prod/fc95ff09-8712-4646-8a7c-7bebb2f36065.jpeg", "origin": "streetco", "reported_at": "2026-09-25T10:50:21", "condition": "functional", "accessibility": null, "cleanliness": "clean", "specifications": "clean, functional"}, "geometry": {"type": "Point", "coordinates": [-9.164056360507857, 38.71728992767322]}}, {"type": "Feature", "properties": {"id": "f920bbe6-fa5d-463c-8ec9-3c0fbd141378", "poi_type": "parking", "poi_type_pt": "Estacionamento", "poi_type_en": "Parking", "photo": "https://streetcostorage.blob.core.windows.net/poi-photo-prod/f920bbe6-fa5d-463c-8ec9-3c0fbd141378.jpeg", "origin": "streetco", "reported_at": "2026-09-25T10:48:48", "condition": null, "accessibility": null, "cleanliness": null, "specifications": ""}, "geometry": {"type": "Point", "coordinates": [-9.164870324993558, 38.717708179833494]}}, {"type": "Feature", "properties": {"id": "ccac90eb-7c6b-4dc6-8166-074017208b83", "poi_type": "bench", "poi_type_pt": "Banco", "poi_type_en": "Bench", "photo": "https://streetcostorage.blob.core.windows.net/poi-photo-prod/ccac90eb-7c6b-4dc6-8166-074017208b83.jpeg", "origin": "streetco", "reported_at": "2026-09-25T10:27:21", "condition": "functional", "accessibility": null, "cleanliness": "clean", "specifications": "clean, functional"}, "geometry": {"type": "Point", "coordinates": [-9.162008693722214, 38.73198431954435]}}, {"type": "Feature", "properties": {"id": "f6f18989-8399-4926-a651-730f26d788e7", "poi_type": "water_source", "poi_type_pt": "Fonte de água", "poi_type_en": "Water source", "photo": "https://streetcostorage.blob.core.windows.net/poi-photo-prod/f6f18989-8399-4926-a651-730f26d788e7.jpeg", "origin": "streetco", "reported_at": "2026-09-25T10:25:45", "condition": "functional", "accessibility": "accessible", "cleanliness": null, "specifications": "functional, accessible"}, "geometry": {"type": "Point", "coordinates": [-9.16244580785883, 38.731943591705004]}}, {"type": "Feature", "properties": {"id": "186e53c2-d43e-45e2-beaf-562656688eb3", "poi_type": "bench", "poi_type_pt": "Banco", "poi_type_en": "Bench", "photo": "https://streetcostorage.blob.core.windows.net/poi-photo-prod/186e53c2-d43e-45e2-beaf-562656688eb3.jpeg", "origin": "streetco", "reported_at": "2026-09-25T10:15:00", "condition": "functional", "accessibility": null, "cleanliness": "clean", "specifications": "clean, functional"}, "geometry": {"type": "Point", "coordinates": [-9.162086979158403, 38.72708286094701]}}, {"type": "Feature", "properties": {"id": "9798a4ed-0439-4066-8b99-9c06420cb4c7", "poi_type": "parking", "poi_type_pt": "Estacionamento", "poi_type_en": "Parking", "photo": "https://streetcostorage.blob.core.windows.net/poi-photo-prod/9798a4ed-0439-4066-8b99-9c06420cb4c7.jpeg", "origin": "streetco", "reported_at": "2026-09-25T09:30:30", "condition": null, "accessibility": null, "cleanliness": null, "specifications": ""}, "geometry": {"type": "Point", "coordinates": [-9.166795274353376, 38.7271030792306]}}, {"type": "Feature", "properties": {"id": "2e8989f9-1b82-4b02-87f0-2faf2827c967", "poi_type": "bench", "poi_type_pt": "Banco", "poi_type_en": "Bench", "photo": "https://streetcostorage.blob.core.windows.net/poi-photo-prod/2e8989f9-1b82-4b02-87f0-2faf2827c967.jpeg", "origin": "streetco", "reported_at": "2026-09-25T09:28:38", "condition": "functional", "accessibility": null, "cleanliness": "clean", "specifications": "clean, functional"}, "geometry": {"type": "Point", "coordinates": [-9.166123817367861, 38.72671099426918]}}, {"type": "Feature", "properties": {"id": "d7838175-5508-4014-8bb5-67397e2d83d6", "poi_type": "bench", "poi_type_pt": "Banco", "poi_type_en": "Bench", "photo": "https://streetcostorage.blob.core.windows.net/poi-photo-prod/d7838175-5508-4014-8bb5-67397e2d83d6.jpeg", "origin": "streetco", "reported_at": "2026-09-25T09:26:40", "condition": "functional", "accessibility": null, "cleanliness": "clean", "specifications": "clean, functional"}, "geometry": {"type": "Point", "coordinates": [-9.165530551453458, 38.72687940204577]}}, {"type": "Feature", "properties": {"id": "27cc93a7-5047-487a-b433-dfc0aa7338a2", "poi_type": "bench", "poi_type_pt": "Banco", "poi_type_en": "Bench", "photo": "https://streetcostorage.blob.core.windows.net/poi-photo-prod/27cc93a7-5047-487a-b433-dfc0aa7338a2.jpeg", "origin": "streetco", "reported_at": "2026-09-25T09:13:30", "condition": "functional", "accessibility": null, "cleanliness": "clean", "specifications": "clean, functional"}, "geometry": {"type": "Point", "coordinates": [-9.162818762820962, 38.72856808274446]}}, {"type": "Feature", "properties": {"id": "e1c40cb7-30db-4a0a-a414-a63481a4f9d1", "poi_type": "bench", "poi_type_pt": "Banco", "poi_type_en": "Bench", "photo": "https://streetcostorage.blob.core.windows.net/poi-photo-prod/e1c40cb7-30db-4a0a-a414-a63481a4f9d1.jpeg", "origin": "streetco", "reported_at": "2026-09-25T09:09:33", "condition": "functional", "accessibility": null, "cleanliness": "clean", "specifications": "clean, functional"}, "geometry": {"type": "Point", "coordinates": [-9.164389259909967, 38.72836308222091]}}, {"type": "Feature", "properties": {"id": "dad048d3-0e46-4087-85b6-e8e8ae7545f6", "poi_type": "bench", "poi_type_pt": "Banco", "poi_type_en": "Bench", "photo": "https://streetcostorage.blob.core.windows.net/poi-photo-prod/dad048d3-0e46-4087-85b6-e8e8ae7545f6.jpeg", "origin": "streetco", "reported_at": "2026-09-25T09:08:52", "condition": "functional", "accessibility": null, "cleanliness": "clean", "specifications": "clean, functional"}, "geometry": {"type": "Point", "coordinates": [-9.164459268673795, 38.728580525019765]}}, {"type": "Feature", "properties": {"id": "25e4d86f-3ac4-402e-9007-d317e5e02ed2", "poi_type": "bench", "poi_type_pt": "Banco", "poi_type_en": "Bench", "photo": "https://streetcostorage.blob.core.windows.net/poi-photo-prod/25e4d86f-3ac4-402e-9007-d317e5e02ed2.jpeg", "origin": "streetco", "reported_at": "2026-09-25T08:54:11", "condition": "functional", "accessibility": null, "cleanliness": "clean", "specifications": "clean, functional"}, "geometry": {"type": "Point", "coordinates": [-9.162877431383208, 38.72964554726485]}}, {"type": "Feature", "properties": {"id": "bfb33f9f-dec6-4834-83a0-bd6d12f90ea9", "poi_type": "bench", "poi_type_pt": "Banco", "poi_type_en": "Bench", "photo": "https://streetcostorage.blob.core.windows.net/poi-photo-prod/bfb33f9f-dec6-4834-83a0-bd6d12f90ea9.jpeg", "origin": "streetco", "reported_at": "2026-09-25T08:50:33", "condition": "functional", "accessibility": null, "cleanliness": "dirty", "specifications": "dirty, functional"}, "geometry": {"type": "Point", "coordinates": [-9.16241043677087, 38.73027287340125]}}, {"type": "Feature", "properties": {"id": "c987c9c1-6194-4a26-a79e-a56d99287921", "poi_type": "bench", "poi_type_pt": "Banco", "poi_type_en": "Bench", "photo": "https://streetcostorage.blob.core.windows.net/poi-photo-prod/c987c9c1-6194-4a26-a79e-a56d99287921.jpeg", "origin": "streetco", "reported_at": "2026-09-24T18:02:48", "condition": "functional", "accessibility": null, "cleanliness": "clean", "specifications": "clean, functional"}, "geometry": {"type": "Point", "coordinates": [-9.166249806502037, 38.75870426981854]}}, {"type": "Feature", "properties": {"id": "5a3d3b8a-cf8b-48e6-be33-9b39be4a4fd8", "poi_type": "water_source", "poi_type_pt": "Fonte de água", "poi_type_en": "Water source", "photo": "https://streetcostorage.blob.core.windows.net/poi-photo-prod/5a3d3b8a-cf8b-48e6-be33-9b39be4a4fd8.jpeg", "origin": "streetco", "reported_at": "2026-09-24T17:14:21", "condition": "functional", "accessibility": "accessible", "cleanliness": null, "specifications": "functional, accessible"}, "geometry": {"type": "Point", "coordinates": [-9.179981319923172, 38.76010715885917]}}, {"type": "Feature", "properties": {"id": "271d12dd-be84-4b17-9932-a465595b9f63", "poi_type": "bench", "poi_type_pt": "Banco", "poi_type_en": "Bench", "photo": "https://streetcostorage.blob.core.windows.net/poi-photo-prod/271d12dd-be84-4b17-9932-a465595b9f63.jpeg", "origin": "streetco", "reported_at": "2026-09-24T16:58:23", "condition": "functional", "accessibility": null, "cleanliness": "clean", "specifications": "clean, functional"}, "geometry": {"type": "Point", "coordinates": [-9.186154834897025, 38.75647254546496]}}, {"type": "Feature", "properties": {"id": "cce98e32-c218-4c92-8d10-0117709c716e", "poi_type": "parking", "poi_type_pt": "Estacionamento", "poi_type_en": "Parking", "photo": "https://streetcostorage.blob.core.windows.net/poi-photo-prod/cce98e32-c218-4c92-8d10-0117709c716e.jpeg", "origin": "streetco", "reported_at": "2026-09-24T16:43:43", "condition": null, "accessibility": null, "cleanliness": null, "specifications": ""}, "geometry": {"type": "Point", "coordinates": [-9.192552582959706, 38.758103988599316]}}, {"type": "Feature", "properties": {"id": "12105250-49c6-470a-9648-0e4cf54e68a6", "poi_type": "parking", "poi_type_pt": "Estacionamento", "poi_type_en": "Parking", "photo": "https://streetcostorage.blob.core.windows.net/poi-photo-prod/12105250-49c6-470a-9648-0e4cf54e68a6.jpeg", "origin": "streetco", "reported_at": "2026-09-24T16:43:15", "condition": null, "accessibility": null, "cleanliness": null, "specifications": ""}, "geometry": {"type": "Point", "coordinates": [-9.192640871210415, 38.75815617986382]}}, {"type": "Feature", "properties": {"id": "7330acdb-37b2-40d3-bdd1-1aef285e9415", "poi_type": "water_source", "poi_type_pt": "Fonte de água", "poi_type_en": "Water source", "photo": "https://streetcostorage.blob.core.windows.net/poi-photo-prod/7330acdb-37b2-40d3-bdd1-1aef285e9415.jpeg", "origin": "streetco", "reported_at": "2026-09-24T16:42:16", "condition": "functional", "accessibility": "accessible", "cleanliness": null, "specifications": "functional, accessible"}, "geometry": {"type": "Point", "coordinates": [-9.192767006026884, 38.75858234277223]}}, {"type": "Feature", "properties": {"id": "73d2138c-9085-414f-8a5c-b31798f6ed00", "poi_type": "water_source", "poi_type_pt": "Fonte de água", "poi_type_en": "Water source", "photo": "https://streetcostorage.blob.core.windows.net/poi-photo-prod/73d2138c-9085-414f-8a5c-b31798f6ed00.jpeg", "origin": "streetco", "reported_at": "2026-09-24T16:31:49", "condition": "functional", "accessibility": "accessible", "cleanliness": null, "specifications": "functional, accessible"}, "geometry": {"type": "Point", "coordinates": [-9.193980672960834, 38.76031395616897]}}, {"type": "Feature", "properties": {"id": "23ec7fac-e97c-43be-bce9-56d968151ec2", "poi_type": "bench", "poi_type_pt": "Banco", "poi_type_en": "Bench", "photo": "https://streetcostorage.blob.core.windows.net/poi-photo-prod/23ec7fac-e97c-43be-bce9-56d968151ec2.jpeg", "origin": "streetco", "reported_at": "2026-09-24T15:19:24", "condition": "functional", "accessibility": null, "cleanliness": "dirty", "specifications": "dirty, functional"}, "geometry": {"type": "Point", "coordinates": [-9.13439163666692, 38.733927410545135]}}, {"type": "Feature", "properties": {"id": "60cc7243-262f-4b7e-ba0d-18570e31d862", "poi_type": "parking", "poi_type_pt": "Estacionamento", "poi_type_en": "Parking", "photo": "https://streetcostorage.blob.core.windows.net/poi-photo-prod/60cc7243-262f-4b7e-ba0d-18570e31d862.jpeg", "origin": "streetco", "reported_at": "2026-09-23T17:57:56", "condition": null, "accessibility": null, "cleanliness": null, "specifications": ""}, "geometry": {"type": "Point", "coordinates": [-9.208333871759919, 38.70819569032756]}}, {"type": "Feature", "properties": {"id": "24dc09fc-e5a2-41e0-93c5-8ccb5ff56a87", "poi_type": "parking", "poi_type_pt": "Estacionamento", "poi_type_en": "Parking", "photo": "https://streetcostorage.blob.core.windows.net/poi-photo-prod/24dc09fc-e5a2-41e0-93c5-8ccb5ff56a87.jpeg", "origin": "streetco", "reported_at": "2026-09-23T17:57:40", "condition": null, "accessibility": null, "cleanliness": null, "specifications": ""}, "geometry": {"type": "Point", "coordinates": [-9.208117644199092, 38.7080387229108]}}, {"type": "Feature", "properties": {"id": "7c5058d2-610f-4245-8e3d-9eed342fe9dc", "poi_type": "bench", "poi_type_pt": "Banco", "poi_type_en": "Bench", "photo": "https://streetcostorage.blob.core.windows.net/poi-photo-prod/7c5058d2-610f-4245-8e3d-9eed342fe9dc.jpeg", "origin": "streetco", "reported_at": "2026-09-23T17:56:49", "condition": "functional", "accessibility": null, "cleanliness": "clean", "specifications": "clean, functional"}, "geometry": {"type": "Point", "coordinates": [-9.207938539082534, 38.70806984186518]}}, {"type": "Feature", "properties": {"id": "4ea7bc16-8609-44d8-85d2-2fa5398f7b24", "poi_type": "bench", "poi_type_pt": "Banco", "poi_type_en": "Bench", "photo": "https://streetcostorage.blob.core.windows.net/poi-photo-prod/4ea7bc16-8609-44d8-85d2-2fa5398f7b24.jpeg", "origin": "streetco", "reported_at": "2026-09-23T17:54:38", "condition": "functional", "accessibility": null, "cleanliness": "clean", "specifications": "clean, functional"}, "geometry": {"type": "Point", "coordinates": [-9.206550059148071, 38.70763921349979]}}, {"type": "Feature", "properties": {"id": "46ed2bb4-46a1-4bea-b4a9-1b619435a44c", "poi_type": "bench", "poi_type_pt": "Banco", "poi_type_en": "Bench", "photo": "https://streetcostorage.blob.core.windows.net/poi-photo-prod/46ed2bb4-46a1-4bea-b4a9-1b619435a44c.jpeg", "origin": "streetco", "reported_at": "2026-09-23T17:53:22", "condition": "functional", "accessibility": null, "cleanliness": "clean", "specifications": "clean, functional"}, "geometry": {"type": "Point", "coordinates": [-9.206009858079938, 38.70723934871785]}}, {"type": "Feature", "properties": {"id": "c643130d-23a3-4ecf-9648-124c804d7ab5", "poi_type": "bench", "poi_type_pt": "Banco", "poi_type_en": "Bench", "photo": "https://streetcostorage.blob.core.windows.net/poi-photo-prod/c643130d-23a3-4ecf-9648-124c804d7ab5.jpeg", "origin": "streetco", "reported_at": "2026-09-23T17:50:38", "condition": "functional", "accessibility": null, "cleanliness": "clean", "specifications": "clean, functional"}, "geometry": {"type": "Point", "coordinates": [-9.205648077875821, 38.70763552233507]}}, {"type": "Feature", "properties": {"id": "899e1851-92f3-4671-b611-b9756fdafb78", "poi_type": "water_source", "poi_type_pt": "Fonte de água", "poi_type_en": "Water source", "photo": "https://streetcostorage.blob.core.windows.net/poi-photo-prod/899e1851-92f3-4671-b611-b9756fdafb78.jpeg", "origin": "streetco", "reported_at": "2026-09-23T17:49:14", "condition": "functional", "accessibility": "not_accessible", "cleanliness": null, "specifications": "functional, not_accessible"}, "geometry": {"type": "Point", "coordinates": [-9.205090671914945, 38.70764563326114]}}, {"type": "Feature", "properties": {"id": "82ed2639-4459-420a-add2-010ed05e9b70", "poi_type": "water_source", "poi_type_pt": "Fonte de água", "poi_type_en": "Water source", "photo": "https://streetcostorage.blob.core.windows.net/poi-photo-prod/82ed2639-4459-420a-add2-010ed05e9b70.jpeg", "origin": "streetco", "reported_at": "2026-09-23T17:46:38", "condition": "broken", "accessibility": "not_accessible", "cleanliness": null, "specifications": "broken, not_accessible"}, "geometry": {"type": "Point", "coordinates": [-9.205334844648519, 38.70874958641872]}}, {"type": "Feature", "properties": {"id": "de2ad459-a960-4eed-9de3-38f5d53a5858", "poi_type": "bench", "poi_type_pt": "Banco", "poi_type_en": "Bench", "photo": "https://streetcostorage.blob.core.windows.net/poi-photo-prod/de2ad459-a960-4eed-9de3-38f5d53a5858.jpeg", "origin": "streetco", "reported_at": "2026-09-23T17:39:09", "condition": "functional", "accessibility": null, "cleanliness": "clean", "specifications": "clean, functional"}, "geometry": {"type": "Point", "coordinates": [-9.206804028710962, 38.70970814139386]}}, {"type": "Feature", "properties": {"id": "704a1e16-71e2-413c-a86c-0659ca65e872", "poi_type": "bench", "poi_type_pt": "Banco", "poi_type_en": "Bench", "photo": "https://streetcostorage.blob.core.windows.net/poi-photo-prod/704a1e16-71e2-413c-a86c-0659ca65e872.jpeg", "origin": "streetco", "reported_at": "2026-09-23T17:38:15", "condition": "functional", "accessibility": null, "cleanliness": "clean", "specifications": "clean, functional"}, "geometry": {"type": "Point", "coordinates": [-9.20620306321075, 38.71002577442147]}}, {"type": "Feature", "properties": {"id": "7ae32dd7-dae0-4b47-9c1a-9c719a94a3dc", "poi_type": "bench", "poi_type_pt": "Banco", "poi_type_en": "Bench", "photo": "https://streetcostorage.blob.core.windows.net/poi-photo-prod/7ae32dd7-dae0-4b47-9c1a-9c719a94a3dc.jpeg", "origin": "streetco", "reported_at": "2026-09-23T17:29:53", "condition": "functional", "accessibility": null, "cleanliness": "clean", "specifications": "clean, functional"}, "geometry": {"type": "Point", "coordinates": [-9.208288109831074, 38.709602672105746]}}, {"type": "Feature", "properties": {"id": "342e269c-f3d1-49b9-b1b5-e35e1833d796", "poi_type": "water_source", "poi_type_pt": "Fonte de água", "poi_type_en": "Water source", "photo": "https://streetcostorage.blob.core.windows.net/poi-photo-prod/342e269c-f3d1-49b9-b1b5-e35e1833d796.jpeg", "origin": "streetco", "reported_at": "2026-09-22T22:08:41", "condition": "functional", "accessibility": "accessible", "cleanliness": null, "specifications": "functional, accessible"}, "geometry": {"type": "Point", "coordinates": [-9.156957189115815, 38.76907056114106]}}, {"type": "Feature", "properties": {"id": "0af26fb9-6e16-4b08-9717-a030d3699fa9", "poi_type": "bench", "poi_type_pt": "Banco", "poi_type_en": "Bench", "photo": "https://streetcostorage.blob.core.windows.net/poi-photo-prod/0af26fb9-6e16-4b08-9717-a030d3699fa9.jpeg", "origin": "streetco", "reported_at": "2026-09-22T17:48:36", "condition": "functional", "accessibility": null, "cleanliness": "clean", "specifications": "clean, functional"}, "geometry": {"type": "Point", "coordinates": [-9.154577690369365, 38.73410237222427]}}, {"type": "Feature", "properties": {"id": "a67db31e-27b8-4b5b-9475-ace16b447281", "poi_type": "bench", "poi_type_pt": "Banco", "poi_type_en": "Bench", "photo": "https://streetcostorage.blob.core.windows.net/poi-photo-prod/a67db31e-27b8-4b5b-9475-ace16b447281.jpeg", "origin": "streetco", "reported_at": "2026-09-22T16:47:28", "condition": "functional", "accessibility": null, "cleanliness": "clean", "specifications": "clean, functional"}, "geometry": {"type": "Point", "coordinates": [-9.155689676553834, 38.73983109210613]}}, {"type": "Feature", "properties": {"id": "933012f7-aa2c-48a5-b5be-e377817cbddb", "poi_type": "bench", "poi_type_pt": "Banco", "poi_type_en": "Bench", "photo": "https://streetcostorage.blob.core.windows.net/poi-photo-prod/933012f7-aa2c-48a5-b5be-e377817cbddb.jpeg", "origin": "streetco", "reported_at": "2026-09-22T16:45:43", "condition": "functional", "accessibility": null, "cleanliness": "clean", "specifications": "clean, functional"}, "geometry": {"type": "Point", "coordinates": [-9.154729069226846, 38.74027496251355]}}, {"type": "Feature", "properties": {"id": "9bd6aaa4-8f60-4d9d-a169-00d2457cf590", "poi_type": "parking", "poi_type_pt": "Estacionamento", "poi_type_en": "Parking", "photo": "https://streetcostorage.blob.core.windows.net/poi-photo-prod/9bd6aaa4-8f60-4d9d-a169-00d2457cf590.jpeg", "origin": "streetco", "reported_at": "2026-09-22T16:42:05", "condition": null, "accessibility": null, "cleanliness": null, "specifications": ""}, "geometry": {"type": "Point", "coordinates": [-9.12927437606561, 38.74246177551245]}}, {"type": "Feature", "properties": {"id": "6c2bb03b-66af-4044-9782-861e7ce99af3", "poi_type": "bench", "poi_type_pt": "Banco", "poi_type_en": "Bench", "photo": "https://streetcostorage.blob.core.windows.net/poi-photo-prod/6c2bb03b-66af-4044-9782-861e7ce99af3.jpeg", "origin": "streetco", "reported_at": "2026-09-22T16:40:32", "condition": "functional", "accessibility": null, "cleanliness": "clean", "specifications": "clean, functional"}, "geometry": {"type": "Point", "coordinates": [-9.157179337419848, 38.740128447764334]}}, {"type": "Feature", "properties": {"id": "4a3b5ea8-254a-4514-80e9-b882b02a67dd", "poi_type": "bench", "poi_type_pt": "Banco", "poi_type_en": "Bench", "photo": "https://streetcostorage.blob.core.windows.net/poi-photo-prod/4a3b5ea8-254a-4514-80e9-b882b02a67dd.jpeg", "origin": "streetco", "reported_at": "2026-09-22T15:30:03", "condition": "functional", "accessibility": null, "cleanliness": "clean", "specifications": "clean, functional"}, "geometry": {"type": "Point", "coordinates": [-9.161098167360933, 38.724506373067214]}}, {"type": "Feature", "properties": {"id": "9227f761-1d83-4769-ada7-b89360245751", "poi_type": "bench", "poi_type_pt": "Banco", "poi_type_en": "Bench", "photo": "https://streetcostorage.blob.core.windows.net/poi-photo-prod/9227f761-1d83-4769-ada7-b89360245751.jpeg", "origin": "streetco", "reported_at": "2026-09-22T15:10:13", "condition": "functional", "accessibility": null, "cleanliness": "clean", "specifications": "clean, functional"}, "geometry": {"type": "Point", "coordinates": [-9.145027877729717, 38.73563394965029]}}, {"type": "Feature", "properties": {"id": "2f582a91-ed1b-4800-9cca-5128292b03e2", "poi_type": "bench", "poi_type_pt": "Banco", "poi_type_en": "Bench", "photo": "https://streetcostorage.blob.core.windows.net/poi-photo-prod/2f582a91-ed1b-4800-9cca-5128292b03e2.jpeg", "origin": "streetco", "reported_at": "2026-09-22T15:08:13", "condition": "functional", "accessibility": null, "cleanliness": "clean", "specifications": "clean, functional"}, "geometry": {"type": "Point", "coordinates": [-9.145369786582705, 38.737014860352616]}}, {"type": "Feature", "properties": {"id": "df476b13-40f5-40b8-a16a-b3cc87df18b5", "poi_type": "bench", "poi_type_pt": "Banco", "poi_type_en": "Bench", "photo": "https://streetcostorage.blob.core.windows.net/poi-photo-prod/df476b13-40f5-40b8-a16a-b3cc87df18b5.jpeg", "origin": "streetco", "reported_at": "2026-09-22T14:49:05", "condition": "functional", "accessibility": null, "cleanliness": "clean", "specifications": "clean, functional"}, "geometry": {"type": "Point", "coordinates": [-9.140376918461698, 38.73679316213122]}}, {"type": "Feature", "properties": {"id": "cde00ed8-162b-49c4-b3bf-cccfbd2cbb22", "poi_type": "bench", "poi_type_pt": "Banco", "poi_type_en": "Bench", "photo": "https://streetcostorage.blob.core.windows.net/poi-photo-prod/cde00ed8-162b-49c4-b3bf-cccfbd2cbb22.jpeg", "origin": "streetco", "reported_at": "2026-09-22T14:48:24", "condition": "functional", "accessibility": null, "cleanliness": "clean", "specifications": "clean, functional"}, "geometry": {"type": "Point", "coordinates": [-9.140319501090971, 38.7365710574241]}}, {"type": "Feature", "properties": {"id": "015361b2-a926-4480-8efb-a4aa0a7fe6b4", "poi_type": "water_source", "poi_type_pt": "Fonte de água", "poi_type_en": "Water source", "photo": "https://streetcostorage.blob.core.windows.net/poi-photo-prod/015361b2-a926-4480-8efb-a4aa0a7fe6b4.jpeg", "origin": "streetco", "reported_at": "2026-09-22T11:50:19", "condition": "functional", "accessibility": "accessible", "cleanliness": null, "specifications": "functional, accessible"}, "geometry": {"type": "Point", "coordinates": [-9.144932033319947, 38.74905151987002]}}, {"type": "Feature", "properties": {"id": "14c1d300-ed4b-43c3-a3c9-2c56cef93a27", "poi_type": "bench", "poi_type_pt": "Banco", "poi_type_en": "Bench", "photo": "https://streetcostorage.blob.core.windows.net/poi-photo-prod/14c1d300-ed4b-43c3-a3c9-2c56cef93a27.jpeg", "origin": "streetco", "reported_at": "2026-09-22T11:49:38", "condition": "functional", "accessibility": null, "cleanliness": "clean", "specifications": "clean, functional"}, "geometry": {"type": "Point", "coordinates": [-9.144525750274966, 38.74911383747252]}}, {"type": "Feature", "properties": {"id": "ba694340-134a-4abf-940c-393c07303e7c", "poi_type": "bench", "poi_type_pt": "Banco", "poi_type_en": "Bench", "photo": "https://streetcostorage.blob.core.windows.net/poi-photo-prod/ba694340-134a-4abf-940c-393c07303e7c.jpeg", "origin": "streetco", "reported_at": "2026-09-22T11:48:20", "condition": "functional", "accessibility": null, "cleanliness": "clean", "specifications": "clean, functional"}, "geometry": {"type": "Point", "coordinates": [-9.14410841567792, 38.74912184490367]}}, {"type": "Feature", "properties": {"id": "0e87bc7c-a289-4910-a9a2-e093dcaf2c53", "poi_type": "water_source", "poi_type_pt": "Fonte de água", "poi_type_en": "Water source", "photo": "https://streetcostorage.blob.core.windows.net/poi-photo-prod/0e87bc7c-a289-4910-a9a2-e093dcaf2c53.jpeg", "origin": "streetco", "reported_at": "2026-09-18T17:04:36", "condition": "functional", "accessibility": "accessible", "cleanliness": null, "specifications": "functional, accessible"}, "geometry": {"type": "Point", "coordinates": [-9.20752246899906, 38.69584231108544]}}, {"type": "Feature", "properties": {"id": "8b00a71d-3910-43a6-a591-b92529673af0", "poi_type": "bench", "poi_type_pt": "Banco", "poi_type_en": "Bench", "photo": "https://streetcostorage.blob.core.windows.net/poi-photo-prod/8b00a71d-3910-43a6-a591-b92529673af0.jpeg", "origin": "streetco", "reported_at": "2026-09-18T17:01:13", "condition": "functional", "accessibility": null, "cleanliness": "clean", "specifications": "clean, functional"}, "geometry": {"type": "Point", "coordinates": [-9.20399905311865, 38.696685097226435]}}, {"type": "Feature", "properties": {"id": "519f669d-c4fc-4f00-a736-96c8520bbff4", "poi_type": "bench", "poi_type_pt": "Banco", "poi_type_en": "Bench", "photo": "https://streetcostorage.blob.core.windows.net/poi-photo-prod/519f669d-c4fc-4f00-a736-96c8520bbff4.jpeg", "origin": "streetco", "reported_at": "2026-09-18T16:59:45", "condition": "functional", "accessibility": null, "cleanliness": "clean", "specifications": "clean, functional"}, "geometry": {"type": "Point", "coordinates": [-9.202190528299752, 38.696736217918954]}}, {"type": "Feature", "properties": {"id": "5bb530a0-3f5a-4847-8018-3f9c0cb2d7b2", "poi_type": "bench", "poi_type_pt": "Banco", "poi_type_en": "Bench", "photo": "https://streetcostorage.blob.core.windows.net/poi-photo-prod/5bb530a0-3f5a-4847-8018-3f9c0cb2d7b2.jpeg", "origin": "streetco", "reported_at": "2026-09-17T16:19:39", "condition": "functional", "accessibility": null, "cleanliness": "clean", "specifications": "clean, functional"}, "geometry": {"type": "Point", "coordinates": [-9.173092728201254, 38.7484934077587]}}, {"type": "Feature", "properties": {"id": "fdc8c638-09da-433e-8f0f-5138c42b49ef", "poi_type": "bench", "poi_type_pt": "Banco", "poi_type_en": "Bench", "photo": "https://streetcostorage.blob.core.windows.net/poi-photo-prod/fdc8c638-09da-433e-8f0f-5138c42b49ef.jpeg", "origin": "streetco", "reported_at": "2026-09-17T16:19:15", "condition": "functional", "accessibility": null, "cleanliness": "clean", "specifications": "clean, functional"}, "geometry": {"type": "Point", "coordinates": [-9.172988073270062, 38.748297267190736]}}, {"type": "Feature", "properties": {"id": "c6feef0b-f3dd-47a1-adf2-ce9a482244a2", "poi_type": "bench", "poi_type_pt": "Banco", "poi_type_en": "Bench", "photo": "https://streetcostorage.blob.core.windows.net/poi-photo-prod/c6feef0b-f3dd-47a1-adf2-ce9a482244a2.jpeg", "origin": "streetco", "reported_at": "2026-09-17T16:09:23", "condition": "functional", "accessibility": null, "cleanliness": "clean", "specifications": "clean, functional"}, "geometry": {"type": "Point", "coordinates": [-9.167665164495475, 38.746496160838234]}}, {"type": "Feature", "properties": {"id": "2e34eb89-7815-4ed1-9d6e-029b8388a5d4", "poi_type": "toilets", "poi_type_pt": "Instalação sanitária", "poi_type_en": "Toilets", "photo": "https://streetcostorage.blob.core.windows.net/poi-photo-prod/2e34eb89-7815-4ed1-9d6e-029b8388a5d4.jpeg", "origin": "streetco", "reported_at": "2026-09-17T15:19:04", "condition": "functional", "accessibility": "not_accessible", "cleanliness": "clean", "specifications": "clean, functional, not_accessible"}, "geometry": {"type": "Point", "coordinates": [-9.1492589815457, 38.72394148102558]}}, {"type": "Feature", "properties": {"id": "9ccd22c0-4278-4a3b-bc63-fa0effdc6937", "poi_type": "bench", "poi_type_pt": "Banco", "poi_type_en": "Bench", "photo": "https://streetcostorage.blob.core.windows.net/poi-photo-prod/9ccd22c0-4278-4a3b-bc63-fa0effdc6937.jpeg", "origin": "streetco", "reported_at": "2026-09-16T16:29:21", "condition": "functional", "accessibility": null, "cleanliness": "clean", "specifications": "clean, functional"}, "geometry": {"type": "Point", "coordinates": [-9.133043100000009, 38.71221780000002]}}, {"type": "Feature", "properties": {"id": "f60f30f9-6127-4a57-b3ed-2193dda89fc5", "poi_type": "bench", "poi_type_pt": "Banco", "poi_type_en": "Bench", "photo": "https://streetcostorage.blob.core.windows.net/poi-photo-prod/f60f30f9-6127-4a57-b3ed-2193dda89fc5.jpeg", "origin": "streetco", "reported_at": "2026-09-16T15:54:59", "condition": "functional", "accessibility": null, "cleanliness": "clean", "specifications": "clean, functional"}, "geometry": {"type": "Point", "coordinates": [-9.129478489634266, 38.71169294703529]}}, {"type": "Feature", "properties": {"id": "e22b2271-8db7-4752-92be-f6fc30feb989", "poi_type": "bench", "poi_type_pt": "Banco", "poi_type_en": "Bench", "photo": "https://streetcostorage.blob.core.windows.net/poi-photo-prod/e22b2271-8db7-4752-92be-f6fc30feb989.jpeg", "origin": "streetco", "reported_at": "2026-09-16T15:36:24", "condition": "functional", "accessibility": null, "cleanliness": "clean", "specifications": "clean, functional"}, "geometry": {"type": "Point", "coordinates": [-9.131268102021636, 38.708200405300545]}}, {"type": "Feature", "properties": {"id": "3c3a7363-fd4d-4207-9bbe-c96b690503c0", "poi_type": "bench", "poi_type_pt": "Banco", "poi_type_en": "Bench", "photo": "https://streetcostorage.blob.core.windows.net/poi-photo-prod/3c3a7363-fd4d-4207-9bbe-c96b690503c0.jpeg", "origin": "streetco", "reported_at": "2026-09-16T15:36:02", "condition": "functional", "accessibility": null, "cleanliness": "clean", "specifications": "clean, functional"}, "geometry": {"type": "Point", "coordinates": [-9.13150860893711, 38.70812160426101]}}, {"type": "Feature", "properties": {"id": "334ee2a6-be75-4538-af90-772a6346b0ca", "poi_type": "bench", "poi_type_pt": "Banco", "poi_type_en": "Bench", "photo": "https://streetcostorage.blob.core.windows.net/poi-photo-prod/334ee2a6-be75-4538-af90-772a6346b0ca.jpeg", "origin": "streetco", "reported_at": "2026-09-16T14:01:17", "condition": "functional", "accessibility": null, "cleanliness": "clean", "specifications": "clean, functional"}, "geometry": {"type": "Point", "coordinates": [-9.14605583314858, 38.73784026051027]}}, {"type": "Feature", "properties": {"id": "52aa649d-30e8-4766-b3dc-227ebeec9dc2", "poi_type": "bench", "poi_type_pt": "Banco", "poi_type_en": "Bench", "photo": "https://streetcostorage.blob.core.windows.net/poi-photo-prod/52aa649d-30e8-4766-b3dc-227ebeec9dc2.jpeg", "origin": "streetco", "reported_at": "2026-09-16T14:00:56", "condition": "functional", "accessibility": null, "cleanliness": "clean", "specifications": "clean, functional"}, "geometry": {"type": "Point", "coordinates": [-9.146092960082456, 38.73803943167036]}}, {"type": "Feature", "properties": {"id": "67b178fb-d6c3-4671-8e32-113339816c05", "poi_type": "parking", "poi_type_pt": "Estacionamento", "poi_type_en": "Parking", "photo": "https://streetcostorage.blob.core.windows.net/poi-photo-prod/67b178fb-d6c3-4671-8e32-113339816c05.jpeg", "origin": "streetco", "reported_at": "2026-09-16T14:00:17", "condition": null, "accessibility": null, "cleanliness": null, "specifications": ""}, "geometry": {"type": "Point", "coordinates": [-9.146437417061861, 38.738164518312686]}}, {"type": "Feature", "properties": {"id": "b680ff84-0d3f-4d6b-988e-0926978b410b", "poi_type": "parking", "poi_type_pt": "Estacionamento", "poi_type_en": "Parking", "photo": "https://streetcostorage.blob.core.windows.net/poi-photo-prod/b680ff84-0d3f-4d6b-988e-0926978b410b.jpeg", "origin": "streetco", "reported_at": "2026-09-16T13:54:21", "condition": null, "accessibility": null, "cleanliness": null, "specifications": ""}, "geometry": {"type": "Point", "coordinates": [-9.147477592766904, 38.736217573379804]}}, {"type": "Feature", "properties": {"id": "ef1778ca-29b3-486f-b927-2bb19d660ad3", "poi_type": "bench", "poi_type_pt": "Banco", "poi_type_en": "Bench", "photo": "https://streetcostorage.blob.core.windows.net/poi-photo-prod/ef1778ca-29b3-486f-b927-2bb19d660ad3.jpeg", "origin": "streetco", "reported_at": "2026-09-16T13:50:03", "condition": "functional", "accessibility": null, "cleanliness": "clean", "specifications": "clean, functional"}, "geometry": {"type": "Point", "coordinates": [-9.145184146952033, 38.736554554601526]}}, {"type": "Feature", "properties": {"id": "2c9d582d-cb41-4c74-b307-a321705b9d83", "poi_type": "water_source", "poi_type_pt": "Fonte de água", "poi_type_en": "Water source", "photo": "https://streetcostorage.blob.core.windows.net/poi-photo-prod/2c9d582d-cb41-4c74-b307-a321705b9d83.jpeg", "origin": "streetco", "reported_at": "2026-09-15T16:46:10", "condition": "functional", "accessibility": "accessible", "cleanliness": null, "specifications": "functional, accessible"}, "geometry": {"type": "Point", "coordinates": [-9.130680755080448, 38.71228320454213]}}, {"type": "Feature", "properties": {"id": "92bfe27e-d8e2-4124-80ed-fb57f79320eb", "poi_type": "bench", "poi_type_pt": "Banco", "poi_type_en": "Bench", "photo": "https://streetcostorage.blob.core.windows.net/poi-photo-prod/92bfe27e-d8e2-4124-80ed-fb57f79320eb.jpeg", "origin": "streetco", "reported_at": "2026-09-15T16:24:11", "condition": "functional", "accessibility": null, "cleanliness": "clean", "specifications": "clean, functional"}, "geometry": {"type": "Point", "coordinates": [-9.128554946193162, 38.711849651385904]}}, {"type": "Feature", "properties": {"id": "2ffaee9d-1659-4e80-980a-40e2b4b55d54", "poi_type": "bench", "poi_type_pt": "Banco", "poi_type_en": "Bench", "photo": "https://streetcostorage.blob.core.windows.net/poi-photo-prod/2ffaee9d-1659-4e80-980a-40e2b4b55d54.jpeg", "origin": "streetco", "reported_at": "2026-09-15T16:10:32", "condition": "functional", "accessibility": null, "cleanliness": "clean", "specifications": "clean, functional"}, "geometry": {"type": "Point", "coordinates": [-9.129334476523127, 38.71042588032043]}}, {"type": "Feature", "properties": {"id": "149d86ec-1d74-4892-b5cc-8712e864f51a", "poi_type": "parking", "poi_type_pt": "Estacionamento", "poi_type_en": "Parking", "photo": "https://streetcostorage.blob.core.windows.net/poi-photo-prod/149d86ec-1d74-4892-b5cc-8712e864f51a.jpeg", "origin": "streetco", "reported_at": "2026-09-13T15:42:21", "condition": null, "accessibility": null, "cleanliness": null, "specifications": ""}, "geometry": {"type": "Point", "coordinates": [-9.177156322286919, 38.74596380031571]}}, {"type": "Feature", "properties": {"id": "273b038b-9540-4a02-8c16-4e8b6a393fe5", "poi_type": "parking", "poi_type_pt": "Estacionamento", "poi_type_en": "Parking", "photo": "https://streetcostorage.blob.core.windows.net/poi-photo-prod/273b038b-9540-4a02-8c16-4e8b6a393fe5.jpeg", "origin": "streetco", "reported_at": "2026-09-13T15:37:06", "condition": null, "accessibility": null, "cleanliness": null, "specifications": ""}, "geometry": {"type": "Point", "coordinates": [-9.179892480185345, 38.74647038030588]}}, {"type": "Feature", "properties": {"id": "f7cb28c3-977e-4b59-9f22-b976b478da04", "poi_type": "bench", "poi_type_pt": "Banco", "poi_type_en": "Bench", "photo": "https://streetcostorage.blob.core.windows.net/poi-photo-prod/f7cb28c3-977e-4b59-9f22-b976b478da04.jpeg", "origin": "streetco", "reported_at": "2026-09-13T15:18:58", "condition": "functional", "accessibility": null, "cleanliness": "clean", "specifications": "clean, functional"}, "geometry": {"type": "Point", "coordinates": [-9.176876600000014, 38.74496590000004]}}, {"type": "Feature", "properties": {"id": "197cc5c8-f344-4a32-bbde-da116fb572bf", "poi_type": "parking", "poi_type_pt": "Estacionamento", "poi_type_en": "Parking", "photo": "https://streetcostorage.blob.core.windows.net/poi-photo-prod/197cc5c8-f344-4a32-bbde-da116fb572bf.jpeg", "origin": "streetco", "reported_at": "2026-09-12T18:43:45", "condition": null, "accessibility": null, "cleanliness": null, "specifications": ""}, "geometry": {"type": "Point", "coordinates": [-9.141414047890294, 38.70855980982358]}}, {"type": "Feature", "properties": {"id": "29b7cfa6-0d70-466f-bc7a-f1fe08febf42", "poi_type": "parking", "poi_type_pt": "Estacionamento", "poi_type_en": "Parking", "photo": "https://streetcostorage.blob.core.windows.net/poi-photo-prod/29b7cfa6-0d70-466f-bc7a-f1fe08febf42.jpeg", "origin": "streetco", "reported_at": "2026-09-12T18:40:26", "condition": null, "accessibility": null, "cleanliness": null, "specifications": ""}, "geometry": {"type": "Point", "coordinates": [-9.141509636629735, 38.709908744606935]}}, {"type": "Feature", "properties": {"id": "05607870-9c31-475e-8b63-98a16e8d5730", "poi_type": "water_source", "poi_type_pt": "Fonte de água", "poi_type_en": "Water source", "photo": "https://streetcostorage.blob.core.windows.net/poi-photo-prod/05607870-9c31-475e-8b63-98a16e8d5730.jpeg", "origin": "streetco", "reported_at": "2026-09-12T18:11:38", "condition": "functional", "accessibility": "accessible", "cleanliness": null, "specifications": "functional, accessible"}, "geometry": {"type": "Point", "coordinates": [-9.140380998782234, 38.71477889165391]}}, {"type": "Feature", "properties": {"id": "d0e99297-afc0-4c68-94de-edf15f5f0b39", "poi_type": "bench", "poi_type_pt": "Banco", "poi_type_en": "Bench", "photo": "https://streetcostorage.blob.core.windows.net/poi-photo-prod/d0e99297-afc0-4c68-94de-edf15f5f0b39.jpeg", "origin": "streetco", "reported_at": "2026-09-11T08:33:18", "condition": "functional", "accessibility": null, "cleanliness": "clean", "specifications": "clean, functional"}, "geometry": {"type": "Point", "coordinates": [-9.17759953808536, 38.74291802827162]}}, {"type": "Feature", "properties": {"id": "4a1b870c-d8d0-4ac4-954c-336fdb54cccb", "poi_type": "water_source", "poi_type_pt": "Fonte de água", "poi_type_en": "Water source", "photo": "https://streetcostorage.blob.core.windows.net/poi-photo-prod/4a1b870c-d8d0-4ac4-954c-336fdb54cccb.jpeg", "origin": "streetco", "reported_at": "2026-09-11T08:32:51", "condition": "functional", "accessibility": "not_accessible", "cleanliness": null, "specifications": "functional, not_accessible"}, "geometry": {"type": "Point", "coordinates": [-9.177688265887582, 38.74294213160661]}}, {"type": "Feature", "properties": {"id": "9dcf4e9b-45b5-454f-806b-792976460a7d", "poi_type": "bench", "poi_type_pt": "Banco", "poi_type_en": "Bench", "photo": "https://streetcostorage.blob.core.windows.net/poi-photo-prod/9dcf4e9b-45b5-454f-806b-792976460a7d.jpeg", "origin": "streetco", "reported_at": "2026-09-11T08:30:58", "condition": "functional", "accessibility": null, "cleanliness": "clean", "specifications": "clean, functional"}, "geometry": {"type": "Point", "coordinates": [-9.177814020613596, 38.743122917278356]}}, {"type": "Feature", "properties": {"id": "a385d43a-4f58-4723-b9c4-f6f440d176d1", "poi_type": "bench", "poi_type_pt": "Banco", "poi_type_en": "Bench", "photo": "https://streetcostorage.blob.core.windows.net/poi-photo-prod/a385d43a-4f58-4723-b9c4-f6f440d176d1.jpeg", "origin": "streetco", "reported_at": "2026-09-11T08:23:11", "condition": "functional", "accessibility": null, "cleanliness": "clean", "specifications": "clean, functional"}, "geometry": {"type": "Point", "coordinates": [-9.176185963516787, 38.74148135168525]}}, {"type": "Feature", "properties": {"id": "69ca1f22-7131-4900-be9b-bc1e7a10b2c3", "poi_type": "bench", "poi_type_pt": "Banco", "poi_type_en": "Bench", "photo": "https://streetcostorage.blob.core.windows.net/poi-photo-prod/69ca1f22-7131-4900-be9b-bc1e7a10b2c3.jpeg", "origin": "streetco", "reported_at": "2026-09-11T08:07:38", "condition": "broken", "accessibility": null, "cleanliness": "dirty", "specifications": "dirty, broken"}, "geometry": {"type": "Point", "coordinates": [-9.17367566956284, 38.74014706276]}}, {"type": "Feature", "properties": {"id": "4307b795-ce1f-4b66-89a3-9b9ec6bcfb76", "poi_type": "bench", "poi_type_pt": "Banco", "poi_type_en": "Bench", "photo": "https://streetcostorage.blob.core.windows.net/poi-photo-prod/4307b795-ce1f-4b66-89a3-9b9ec6bcfb76.jpeg", "origin": "streetco", "reported_at": "2026-09-11T08:06:53", "condition": "broken", "accessibility": null, "cleanliness": "dirty", "specifications": "dirty, broken"}, "geometry": {"type": "Point", "coordinates": [-9.173850592315034, 38.74025134650705]}}, {"type": "Feature", "properties": {"id": "0fca94b0-03ae-4f18-ab97-2f797b057de5", "poi_type": "bench", "poi_type_pt": "Banco", "poi_type_en": "Bench", "photo": "https://streetcostorage.blob.core.windows.net/poi-photo-prod/0fca94b0-03ae-4f18-ab97-2f797b057de5.jpeg", "origin": "streetco", "reported_at": "2026-09-11T08:06:02", "condition": "functional", "accessibility": null, "cleanliness": "clean", "specifications": "clean, functional"}, "geometry": {"type": "Point", "coordinates": [-9.173799189964484, 38.7401676507495]}}, {"type": "Feature", "properties": {"id": "8c6a50f5-a0db-4230-98ce-bf81c6d1f572", "poi_type": "water_source", "poi_type_pt": "Fonte de água", "poi_type_en": "Water source", "photo": "https://streetcostorage.blob.core.windows.net/poi-photo-prod/8c6a50f5-a0db-4230-98ce-bf81c6d1f572.jpeg", "origin": "streetco", "reported_at": "2026-09-11T07:55:50", "condition": "functional", "accessibility": "accessible", "cleanliness": null, "specifications": "functional, accessible"}, "geometry": {"type": "Point", "coordinates": [-9.16877028535123, 38.73969217822605]}}, {"type": "Feature", "properties": {"id": "acab73e4-978d-4c65-b86a-4314db9a5a59", "poi_type": "water_source", "poi_type_pt": "Fonte de água", "poi_type_en": "Water source", "photo": "https://streetcostorage.blob.core.windows.net/poi-photo-prod/acab73e4-978d-4c65-b86a-4314db9a5a59.jpeg", "origin": "streetco", "reported_at": "2026-09-10T18:14:18", "condition": "functional", "accessibility": "accessible", "cleanliness": null, "specifications": "functional, accessible"}, "geometry": {"type": "Point", "coordinates": [-9.13338388037198, 38.70714360403045]}}, {"type": "Feature", "properties": {"id": "65d37b22-4fc0-4459-9d34-e8b08bba647e", "poi_type": "bench", "poi_type_pt": "Banco", "poi_type_en": "Bench", "photo": "https://streetcostorage.blob.core.windows.net/poi-photo-prod/65d37b22-4fc0-4459-9d34-e8b08bba647e.jpeg", "origin": "streetco", "reported_at": "2026-09-10T18:13:24", "condition": "functional", "accessibility": null, "cleanliness": "clean", "specifications": "clean, functional"}, "geometry": {"type": "Point", "coordinates": [-9.133958840220657, 38.70690216515999]}}, {"type": "Feature", "properties": {"id": "2913345f-681a-4c7c-8df8-ccc7f6124645", "poi_type": "bench", "poi_type_pt": "Banco", "poi_type_en": "Bench", "photo": "https://streetcostorage.blob.core.windows.net/poi-photo-prod/2913345f-681a-4c7c-8df8-ccc7f6124645.jpeg", "origin": "streetco", "reported_at": "2026-09-10T17:46:39", "condition": "functional", "accessibility": null, "cleanliness": "clean", "specifications": "clean, functional"}, "geometry": {"type": "Point", "coordinates": [-9.137249057961071, 38.7134133461428]}}, {"type": "Feature", "properties": {"id": "93741db5-4dfa-4191-b6cc-520c21d199bc", "poi_type": "parking", "poi_type_pt": "Estacionamento", "poi_type_en": "Parking", "photo": "https://streetcostorage.blob.core.windows.net/poi-photo-prod/93741db5-4dfa-4191-b6cc-520c21d199bc.jpeg", "origin": "streetco", "reported_at": "2026-09-10T17:42:09", "condition": null, "accessibility": null, "cleanliness": null, "specifications": ""}, "geometry": {"type": "Point", "coordinates": [-9.136508836660369, 38.71353721816621]}}, {"type": "Feature", "properties": {"id": "a8e79278-b152-46e0-aabf-ed06509d1500", "poi_type": "water_source", "poi_type_pt": "Fonte de água", "poi_type_en": "Water source", "photo": "https://streetcostorage.blob.core.windows.net/poi-photo-prod/a8e79278-b152-46e0-aabf-ed06509d1500.jpeg", "origin": "streetco", "reported_at": "2026-09-10T16:55:57", "condition": "functional", "accessibility": "accessible", "cleanliness": null, "specifications": "functional, accessible"}, "geometry": {"type": "Point", "coordinates": [-9.13335416992777, 38.70963034923395]}}, {"type": "Feature", "properties": {"id": "a41faf8b-0621-414d-9a33-210615bbfe81", "poi_type": "bench", "poi_type_pt": "Banco", "poi_type_en": "Bench", "photo": "https://streetcostorage.blob.core.windows.net/poi-photo-prod/a41faf8b-0621-414d-9a33-210615bbfe81.jpeg", "origin": "streetco", "reported_at": "2026-09-10T10:22:40", "condition": "functional", "accessibility": null, "cleanliness": "clean", "specifications": "clean, functional"}, "geometry": {"type": "Point", "coordinates": [-9.165342664040281, 38.73895838900617]}}, {"type": "Feature", "properties": {"id": "630a4af4-da4b-4689-817b-b6ec91d61803", "poi_type": "water_source", "poi_type_pt": "Fonte de água", "poi_type_en": "Water source", "photo": "https://streetcostorage.blob.core.windows.net/poi-photo-prod/630a4af4-da4b-4689-817b-b6ec91d61803.jpeg", "origin": "streetco", "reported_at": "2026-09-10T10:08:21", "condition": "functional", "accessibility": "accessible", "cleanliness": null, "specifications": "functional, accessible"}, "geometry": {"type": "Point", "coordinates": [-9.16121987735687, 38.737978484343444]}}, {"type": "Feature", "properties": {"id": "4e813b2a-9882-48b0-aa61-34384d9e34bd", "poi_type": "bench", "poi_type_pt": "Banco", "poi_type_en": "Bench", "photo": "https://streetcostorage.blob.core.windows.net/poi-photo-prod/4e813b2a-9882-48b0-aa61-34384d9e34bd.jpeg", "origin": "streetco", "reported_at": "2026-09-10T10:01:52", "condition": "functional", "accessibility": null, "cleanliness": "clean", "specifications": "clean, functional"}, "geometry": {"type": "Point", "coordinates": [-9.160727945898998, 38.73873386361359]}}, {"type": "Feature", "properties": {"id": "1c11f9b4-f6f5-42c7-9b6d-46cc7132ee00", "poi_type": "bench", "poi_type_pt": "Banco", "poi_type_en": "Bench", "photo": "https://streetcostorage.blob.core.windows.net/poi-photo-prod/1c11f9b4-f6f5-42c7-9b6d-46cc7132ee00.jpeg", "origin": "streetco", "reported_at": "2026-09-10T10:01:23", "condition": "functional", "accessibility": null, "cleanliness": "clean", "specifications": "clean, functional"}, "geometry": {"type": "Point", "coordinates": [-9.16092293873487, 38.73880061773255]}}, {"type": "Feature", "properties": {"id": "a3a77276-7af9-47b5-b89e-ac12bb9bd2a2", "poi_type": "bench", "poi_type_pt": "Banco", "poi_type_en": "Bench", "photo": "https://streetcostorage.blob.core.windows.net/poi-photo-prod/a3a77276-7af9-47b5-b89e-ac12bb9bd2a2.jpeg", "origin": "streetco", "reported_at": "2026-09-10T10:01:03", "condition": "functional", "accessibility": null, "cleanliness": "clean", "specifications": "clean, functional"}, "geometry": {"type": "Point", "coordinates": [-9.160990247150721, 38.73883224893794]}}, {"type": "Feature", "properties": {"id": "7f627d57-130f-4f53-96d6-0bf0a714bc7c", "poi_type": "bench", "poi_type_pt": "Banco", "poi_type_en": "Bench", "photo": "https://streetcostorage.blob.core.windows.net/poi-photo-prod/7f627d57-130f-4f53-96d6-0bf0a714bc7c.jpeg", "origin": "streetco", "reported_at": "2026-09-10T10:00:41", "condition": "functional", "accessibility": null, "cleanliness": "clean", "specifications": "clean, functional"}, "geometry": {"type": "Point", "coordinates": [-9.160976697115302, 38.73883581683677]}}, {"type": "Feature", "properties": {"id": "d802e118-1092-497c-844b-fed45fe4c69d", "poi_type": "bench", "poi_type_pt": "Banco", "poi_type_en": "Bench", "photo": "https://streetcostorage.blob.core.windows.net/poi-photo-prod/d802e118-1092-497c-844b-fed45fe4c69d.jpeg", "origin": "streetco", "reported_at": "2026-09-10T09:58:12", "condition": "functional", "accessibility": null, "cleanliness": "clean", "specifications": "clean, functional"}, "geometry": {"type": "Point", "coordinates": [-9.162320570558109, 38.73916066374531]}}, {"type": "Feature", "properties": {"id": "647fb240-e7ac-4090-9d69-0dddbb268a98", "poi_type": "bench", "poi_type_pt": "Banco", "poi_type_en": "Bench", "photo": "https://streetcostorage.blob.core.windows.net/poi-photo-prod/647fb240-e7ac-4090-9d69-0dddbb268a98.jpeg", "origin": "streetco", "reported_at": "2026-09-10T09:05:25", "condition": "functional", "accessibility": null, "cleanliness": "clean", "specifications": "clean, functional"}, "geometry": {"type": "Point", "coordinates": [-9.172483144030252, 38.75278518099091]}}, {"type": "Feature", "properties": {"id": "0ab0ae4b-e3c2-4375-b524-d2cc56d380ac", "poi_type": "water_source", "poi_type_pt": "Fonte de água", "poi_type_en": "Water source", "photo": "https://streetcostorage.blob.core.windows.net/poi-photo-prod/0ab0ae4b-e3c2-4375-b524-d2cc56d380ac.jpeg", "origin": "streetco", "reported_at": "2026-09-10T09:04:53", "condition": "functional", "accessibility": "accessible", "cleanliness": null, "specifications": "functional, accessible"}, "geometry": {"type": "Point", "coordinates": [-9.172495268785042, 38.752612277891444]}}, {"type": "Feature", "properties": {"id": "554c6e54-2aac-4a30-a775-a119e380a1f5", "poi_type": "water_source", "poi_type_pt": "Fonte de água", "poi_type_en": "Water source", "photo": "https://streetcostorage.blob.core.windows.net/poi-photo-prod/554c6e54-2aac-4a30-a775-a119e380a1f5.jpeg", "origin": "streetco", "reported_at": "2026-09-10T08:47:56", "condition": "functional", "accessibility": "accessible", "cleanliness": null, "specifications": "functional, accessible"}, "geometry": {"type": "Point", "coordinates": [-9.171631265923224, 38.750767596536946]}}, {"type": "Feature", "properties": {"id": "be84b88e-e63e-4417-820a-3f37d8b809c3", "poi_type": "bench", "poi_type_pt": "Banco", "poi_type_en": "Bench", "photo": "https://streetcostorage.blob.core.windows.net/poi-photo-prod/be84b88e-e63e-4417-820a-3f37d8b809c3.jpeg", "origin": "streetco", "reported_at": "2026-09-10T08:35:25", "condition": "functional", "accessibility": null, "cleanliness": "clean", "specifications": "clean, functional"}, "geometry": {"type": "Point", "coordinates": [-9.16884576996506, 38.74920671374309]}}, {"type": "Feature", "properties": {"id": "51b763d4-350f-428a-b4ab-4b8c4b0920b7", "poi_type": "bench", "poi_type_pt": "Banco", "poi_type_en": "Bench", "photo": "https://streetcostorage.blob.core.windows.net/poi-photo-prod/51b763d4-350f-428a-b4ab-4b8c4b0920b7.jpeg", "origin": "streetco", "reported_at": "2026-09-10T08:21:31", "condition": "functional", "accessibility": null, "cleanliness": "clean", "specifications": "clean, functional"}, "geometry": {"type": "Point", "coordinates": [-9.167145570728394, 38.74639760392617]}}, {"type": "Feature", "properties": {"id": "5a2557d5-a9f2-40e8-837e-00bec738d829", "poi_type": "bench", "poi_type_pt": "Banco", "poi_type_en": "Bench", "photo": "https://streetcostorage.blob.core.windows.net/poi-photo-prod/5a2557d5-a9f2-40e8-837e-00bec738d829.jpeg", "origin": "streetco", "reported_at": "2026-09-09T19:35:21", "condition": "functional", "accessibility": null, "cleanliness": "clean", "specifications": "clean, functional"}, "geometry": {"type": "Point", "coordinates": [-9.14128340610398, 38.75400493783445]}}, {"type": "Feature", "properties": {"id": "c1f85369-7faf-4a5b-8334-ccc9fccbd3ca", "poi_type": "bench", "poi_type_pt": "Banco", "poi_type_en": "Bench", "photo": "https://streetcostorage.blob.core.windows.net/poi-photo-prod/c1f85369-7faf-4a5b-8334-ccc9fccbd3ca.jpeg", "origin": "streetco", "reported_at": "2026-09-09T19:34:39", "condition": "functional", "accessibility": null, "cleanliness": "clean", "specifications": "clean, functional"}, "geometry": {"type": "Point", "coordinates": [-9.141045202158466, 38.754130524763895]}}, {"type": "Feature", "properties": {"id": "862a3d91-5e32-42f9-b890-3a02e57e0fd5", "poi_type": "parking", "poi_type_pt": "Estacionamento", "poi_type_en": "Parking", "photo": "https://streetcostorage.blob.core.windows.net/poi-photo-prod/862a3d91-5e32-42f9-b890-3a02e57e0fd5.jpeg", "origin": "streetco", "reported_at": "2026-09-09T19:33:25", "condition": null, "accessibility": null, "cleanliness": null, "specifications": ""}, "geometry": {"type": "Point", "coordinates": [-9.139832872122497, 38.75453896007383]}}, {"type": "Feature", "properties": {"id": "bd7f68ea-0929-451c-9f0e-1c51a0f0eaf4", "poi_type": "bench", "poi_type_pt": "Banco", "poi_type_en": "Bench", "photo": "https://streetcostorage.blob.core.windows.net/poi-photo-prod/bd7f68ea-0929-451c-9f0e-1c51a0f0eaf4.jpeg", "origin": "streetco", "reported_at": "2026-09-09T19:32:45", "condition": "functional", "accessibility": null, "cleanliness": "clean", "specifications": "clean, functional"}, "geometry": {"type": "Point", "coordinates": [-9.139465461480995, 38.75471365272648]}}, {"type": "Feature", "properties": {"id": "9ea200a3-d115-444c-a26c-ff6bdb3bac2a", "poi_type": "parking", "poi_type_pt": "Estacionamento", "poi_type_en": "Parking", "photo": "https://streetcostorage.blob.core.windows.net/poi-photo-prod/9ea200a3-d115-444c-a26c-ff6bdb3bac2a.jpeg", "origin": "streetco", "reported_at": "2026-09-09T17:45:56", "condition": null, "accessibility": null, "cleanliness": null, "specifications": ""}, "geometry": {"type": "Point", "coordinates": [-9.13971010690966, 38.7569128042951]}}, {"type": "Feature", "properties": {"id": "648ad79d-8159-40dd-996d-460cd0bf3e57", "poi_type": "bench", "poi_type_pt": "Banco", "poi_type_en": "Bench", "photo": "https://streetcostorage.blob.core.windows.net/poi-photo-prod/648ad79d-8159-40dd-996d-460cd0bf3e57.jpeg", "origin": "streetco", "reported_at": "2026-09-09T17:45:30", "condition": "functional", "accessibility": null, "cleanliness": "clean", "specifications": "clean, functional"}, "geometry": {"type": "Point", "coordinates": [-9.140025063301664, 38.75691751082894]}}, {"type": "Feature", "properties": {"id": "b8c73003-5f5c-45a8-9a33-c892fddcbb1d", "poi_type": "toilets", "poi_type_pt": "Instalação sanitária", "poi_type_en": "Toilets", "photo": "https://streetcostorage.blob.core.windows.net/poi-photo-prod/b8c73003-5f5c-45a8-9a33-c892fddcbb1d.jpeg", "origin": "streetco", "reported_at": "2026-09-08T10:03:05", "condition": "broken", "accessibility": "accessible", "cleanliness": "clean", "specifications": "clean, broken, accessible"}, "geometry": {"type": "Point", "coordinates": [-9.169159265453914, 38.74171183566236]}}, {"type": "Feature", "properties": {"id": "08acf5e9-b97a-4c30-a728-4c368fcd1ec6", "poi_type": "bench", "poi_type_pt": "Banco", "poi_type_en": "Bench", "photo": "https://streetcostorage.blob.core.windows.net/poi-photo-prod/08acf5e9-b97a-4c30-a728-4c368fcd1ec6.jpeg", "origin": "streetco", "reported_at": "2026-09-08T09:18:26", "condition": "functional", "accessibility": null, "cleanliness": "clean", "specifications": "clean, functional"}, "geometry": {"type": "Point", "coordinates": [-9.188043883727005, 38.74523090367424]}}, {"type": "Feature", "properties": {"id": "8902161a-5a51-42ae-a8e2-47cd7a6e8124", "poi_type": "bench", "poi_type_pt": "Banco", "poi_type_en": "Bench", "photo": "https://streetcostorage.blob.core.windows.net/poi-photo-prod/8902161a-5a51-42ae-a8e2-47cd7a6e8124.jpeg", "origin": "streetco", "reported_at": "2026-09-08T09:17:46", "condition": "functional", "accessibility": null, "cleanliness": "clean", "specifications": "clean, functional"}, "geometry": {"type": "Point", "coordinates": [-9.188373501035358, 38.74520957842202]}}, {"type": "Feature", "properties": {"id": "6df30734-170a-4bf2-8cc3-d1f9b0c51af0", "poi_type": "bench", "poi_type_pt": "Banco", "poi_type_en": "Bench", "photo": "https://streetcostorage.blob.core.windows.net/poi-photo-prod/6df30734-170a-4bf2-8cc3-d1f9b0c51af0.jpeg", "origin": "streetco", "reported_at": "2026-09-08T09:17:11", "condition": "functional", "accessibility": null, "cleanliness": "clean", "specifications": "clean, functional"}, "geometry": {"type": "Point", "coordinates": [-9.188667590762634, 38.745211821673536]}}, {"type": "Feature", "properties": {"id": "bcb87e68-69c0-4af7-a8e1-7df87f5a1cd9", "poi_type": "water_source", "poi_type_pt": "Fonte de água", "poi_type_en": "Water source", "photo": "https://streetcostorage.blob.core.windows.net/poi-photo-prod/bcb87e68-69c0-4af7-a8e1-7df87f5a1cd9.jpeg", "origin": "streetco", "reported_at": "2026-09-08T09:16:27", "condition": "functional", "accessibility": "accessible", "cleanliness": null, "specifications": "functional, accessible"}, "geometry": {"type": "Point", "coordinates": [-9.188794677699093, 38.745182169920895]}}, {"type": "Feature", "properties": {"id": "e89e814f-04fd-473a-8812-2ab41f0dbeb4", "poi_type": "bench", "poi_type_pt": "Banco", "poi_type_en": "Bench", "photo": "https://streetcostorage.blob.core.windows.net/poi-photo-prod/e89e814f-04fd-473a-8812-2ab41f0dbeb4.jpeg", "origin": "streetco", "reported_at": "2026-09-08T09:02:29", "condition": "functional", "accessibility": null, "cleanliness": "clean", "specifications": "clean, functional"}, "geometry": {"type": "Point", "coordinates": [-9.18867311257452, 38.74902643547463]}}, {"type": "Feature", "properties": {"id": "a029c8f9-336d-49dc-a0c9-af5f06f1b15f", "poi_type": "bench", "poi_type_pt": "Banco", "poi_type_en": "Bench", "photo": "https://streetcostorage.blob.core.windows.net/poi-photo-prod/a029c8f9-336d-49dc-a0c9-af5f06f1b15f.jpeg", "origin": "streetco", "reported_at": "2026-09-08T09:01:58", "condition": "functional", "accessibility": null, "cleanliness": "clean", "specifications": "clean, functional"}, "geometry": {"type": "Point", "coordinates": [-9.18847194502905, 38.74899899601428]}}, {"type": "Feature", "properties": {"id": "8ad3fd90-4d77-4cac-8ae9-e309373bf887", "poi_type": "bench", "poi_type_pt": "Banco", "poi_type_en": "Bench", "photo": "https://streetcostorage.blob.core.windows.net/poi-photo-prod/8ad3fd90-4d77-4cac-8ae9-e309373bf887.jpeg", "origin": "streetco", "reported_at": "2026-09-08T08:35:26", "condition": "broken", "accessibility": null, "cleanliness": "clean", "specifications": "clean, broken"}, "geometry": {"type": "Point", "coordinates": [-9.183191369936594, 38.7449089804081]}}, {"type": "Feature", "properties": {"id": "c5df2b5b-f544-4ac4-8792-dc34dc5aac76", "poi_type": "bench", "poi_type_pt": "Banco", "poi_type_en": "Bench", "photo": "https://streetcostorage.blob.core.windows.net/poi-photo-prod/c5df2b5b-f544-4ac4-8792-dc34dc5aac76.jpeg", "origin": "streetco", "reported_at": "2026-09-08T08:35:00", "condition": "functional", "accessibility": null, "cleanliness": "clean", "specifications": "clean, functional"}, "geometry": {"type": "Point", "coordinates": [-9.183120113200744, 38.74482447628321]}}, {"type": "Feature", "properties": {"id": "d04fe730-63fa-4e11-b2fc-2f3c369ec03c", "poi_type": "bench", "poi_type_pt": "Banco", "poi_type_en": "Bench", "photo": "https://streetcostorage.blob.core.windows.net/poi-photo-prod/d04fe730-63fa-4e11-b2fc-2f3c369ec03c.jpeg", "origin": "streetco", "reported_at": "2026-09-08T08:27:23", "condition": "functional", "accessibility": null, "cleanliness": "clean", "specifications": "clean, functional"}, "geometry": {"type": "Point", "coordinates": [-9.180188588032252, 38.74378505117443]}}, {"type": "Feature", "properties": {"id": "6a882942-0657-4265-9ac4-1910a0b1b319", "poi_type": "bench", "poi_type_pt": "Banco", "poi_type_en": "Bench", "photo": "https://streetcostorage.blob.core.windows.net/poi-photo-prod/6a882942-0657-4265-9ac4-1910a0b1b319.jpeg", "origin": "streetco", "reported_at": "2026-09-08T08:26:50", "condition": "functional", "accessibility": null, "cleanliness": "clean", "specifications": "clean, functional"}, "geometry": {"type": "Point", "coordinates": [-9.180122219504142, 38.74388225583144]}}, {"type": "Feature", "properties": {"id": "bc644c03-424d-4651-b6ff-b62b80c1b23b", "poi_type": "bench", "poi_type_pt": "Banco", "poi_type_en": "Bench", "photo": "https://streetcostorage.blob.core.windows.net/poi-photo-prod/bc644c03-424d-4651-b6ff-b62b80c1b23b.jpeg", "origin": "streetco", "reported_at": "2026-09-08T08:09:25", "condition": "functional", "accessibility": null, "cleanliness": "clean", "specifications": "clean, functional"}, "geometry": {"type": "Point", "coordinates": [-9.176246321745566, 38.74150204528246]}}, {"type": "Feature", "properties": {"id": "20a1544c-c0d3-4110-b528-981ea2a07163", "poi_type": "water_source", "poi_type_pt": "Fonte de água", "poi_type_en": "Water source", "photo": "https://streetcostorage.blob.core.windows.net/poi-photo-prod/20a1544c-c0d3-4110-b528-981ea2a07163.jpeg", "origin": "streetco", "reported_at": "2026-09-03T16:27:16", "condition": "functional", "accessibility": "accessible", "cleanliness": null, "specifications": "functional, accessible"}, "geometry": {"type": "Point", "coordinates": [-9.158929288755644, 38.77014236393964]}}, {"type": "Feature", "properties": {"id": "fdba030b-1035-423d-a89d-2334387b06c5", "poi_type": "bench", "poi_type_pt": "Banco", "poi_type_en": "Bench", "photo": "https://streetcostorage.blob.core.windows.net/poi-photo-prod/fdba030b-1035-423d-a89d-2334387b06c5.jpeg", "origin": "streetco", "reported_at": "2026-09-02T16:28:06", "condition": "functional", "accessibility": null, "cleanliness": "clean", "specifications": "clean, functional"}, "geometry": {"type": "Point", "coordinates": [-9.13173198010827, 38.71270985583905]}}, {"type": "Feature", "properties": {"id": "844fdb2f-1d79-4ea1-8aca-763db090c09e", "poi_type": "bench", "poi_type_pt": "Banco", "poi_type_en": "Bench", "photo": "https://streetcostorage.blob.core.windows.net/poi-photo-prod/844fdb2f-1d79-4ea1-8aca-763db090c09e.jpeg", "origin": "streetco", "reported_at": "2026-09-02T16:27:42", "condition": "functional", "accessibility": null, "cleanliness": "clean", "specifications": "clean, functional"}, "geometry": {"type": "Point", "coordinates": [-9.131674886564724, 38.71275232988259]}}, {"type": "Feature", "properties": {"id": "6c40fd98-653a-4d07-af66-a7e0974b2048", "poi_type": "water_source", "poi_type_pt": "Fonte de água", "poi_type_en": "Water source", "photo": "https://streetcostorage.blob.core.windows.net/poi-photo-prod/6c40fd98-653a-4d07-af66-a7e0974b2048.jpeg", "origin": "streetco", "reported_at": "2026-09-02T16:26:28", "condition": "functional", "accessibility": "accessible", "cleanliness": null, "specifications": "functional, accessible"}, "geometry": {"type": "Point", "coordinates": [-9.13212294288769, 38.712631749283844]}}, {"type": "Feature", "properties": {"id": "6f032c04-5e31-47f8-b3a2-05df599b72b4", "poi_type": "parking", "poi_type_pt": "Estacionamento", "poi_type_en": "Parking", "photo": "https://streetcostorage.blob.core.windows.net/poi-photo-prod/6f032c04-5e31-47f8-b3a2-05df599b72b4.jpeg", "origin": "streetco", "reported_at": "2026-09-02T16:18:40", "condition": null, "accessibility": null, "cleanliness": null, "specifications": ""}, "geometry": {"type": "Point", "coordinates": [-9.132280614384968, 38.71339401082986]}}, {"type": "Feature", "properties": {"id": "017d8e2d-eb79-4bc0-9113-6b7898fdd575", "poi_type": "bench", "poi_type_pt": "Banco", "poi_type_en": "Bench", "photo": "https://streetcostorage.blob.core.windows.net/poi-photo-prod/017d8e2d-eb79-4bc0-9113-6b7898fdd575.jpeg", "origin": "streetco", "reported_at": "2026-09-02T16:04:24", "condition": "functional", "accessibility": null, "cleanliness": "clean", "specifications": "clean, functional"}, "geometry": {"type": "Point", "coordinates": [-9.13284488397403, 38.71084542374362]}}, {"type": "Feature", "properties": {"id": "09d17e4d-90fb-41b4-b080-8cfb8cf7cad6", "poi_type": "parking", "poi_type_pt": "Estacionamento", "poi_type_en": "Parking", "photo": "https://streetcostorage.blob.core.windows.net/poi-photo-prod/09d17e4d-90fb-41b4-b080-8cfb8cf7cad6.jpeg", "origin": "streetco", "reported_at": "2026-09-02T15:59:24", "condition": null, "accessibility": null, "cleanliness": null, "specifications": ""}, "geometry": {"type": "Point", "coordinates": [-9.133217058144396, 38.71075324794714]}}, {"type": "Feature", "properties": {"id": "02ac5788-d63a-4cdb-9710-e8ff19d9300a", "poi_type": "water_source", "poi_type_pt": "Fonte de água", "poi_type_en": "Water source", "photo": "https://streetcostorage.blob.core.windows.net/poi-photo-prod/02ac5788-d63a-4cdb-9710-e8ff19d9300a.jpeg", "origin": "streetco", "reported_at": "2026-09-02T15:55:51", "condition": "functional", "accessibility": "accessible", "cleanliness": null, "specifications": "functional, accessible"}, "geometry": {"type": "Point", "coordinates": [-9.135699738932772, 38.711927497331146]}}, {"type": "Feature", "properties": {"id": "336bddc7-3446-43eb-99de-6a80766f2608", "poi_type": "parking", "poi_type_pt": "Estacionamento", "poi_type_en": "Parking", "photo": "https://streetcostorage.blob.core.windows.net/poi-photo-prod/336bddc7-3446-43eb-99de-6a80766f2608.jpeg", "origin": "streetco", "reported_at": "2026-09-02T15:04:07", "condition": null, "accessibility": null, "cleanliness": null, "specifications": ""}, "geometry": {"type": "Point", "coordinates": [-9.135097152906837, 38.71450639272925]}}, {"type": "Feature", "properties": {"id": "4572f41c-95b9-48db-9b70-a279fe2c746e", "poi_type": "bench", "poi_type_pt": "Banco", "poi_type_en": "Bench", "photo": "https://streetcostorage.blob.core.windows.net/poi-photo-prod/4572f41c-95b9-48db-9b70-a279fe2c746e.jpeg", "origin": "streetco", "reported_at": "2026-09-02T14:10:45", "condition": "functional", "accessibility": null, "cleanliness": "clean", "specifications": "clean, functional"}, "geometry": {"type": "Point", "coordinates": [-9.127763745517086, 38.7120560890867]}}, {"type": "Feature", "properties": {"id": "d661ee94-6e97-4d85-8873-fb68b7b974e6", "poi_type": "bench", "poi_type_pt": "Banco", "poi_type_en": "Bench", "photo": "https://streetcostorage.blob.core.windows.net/poi-photo-prod/d661ee94-6e97-4d85-8873-fb68b7b974e6.jpeg", "origin": "streetco", "reported_at": "2026-09-02T14:04:21", "condition": "functional", "accessibility": null, "cleanliness": "clean", "specifications": "clean, functional"}, "geometry": {"type": "Point", "coordinates": [-9.127092412187721, 38.712099998763335]}}, {"type": "Feature", "properties": {"id": "88a1d249-a069-436e-9feb-688cb3b6fe9f", "poi_type": "bench", "poi_type_pt": "Banco", "poi_type_en": "Bench", "photo": "https://streetcostorage.blob.core.windows.net/poi-photo-prod/88a1d249-a069-436e-9feb-688cb3b6fe9f.jpeg", "origin": "streetco", "reported_at": "2026-09-02T09:21:05", "condition": "functional", "accessibility": null, "cleanliness": "clean", "specifications": "clean, functional"}, "geometry": {"type": "Point", "coordinates": [-9.180592909814777, 38.74654907736448]}}, {"type": "Feature", "properties": {"id": "a6a52bbb-703e-4663-81f9-0b98227cbbbe", "poi_type": "parking", "poi_type_pt": "Estacionamento", "poi_type_en": "Parking", "photo": "https://streetcostorage.blob.core.windows.net/poi-photo-prod/a6a52bbb-703e-4663-81f9-0b98227cbbbe.jpeg", "origin": "streetco", "reported_at": "2026-08-29T17:26:09", "condition": null, "accessibility": null, "cleanliness": null, "specifications": ""}, "geometry": {"type": "Point", "coordinates": [-9.183651137754964, 38.74604851622121]}}, {"type": "Feature", "properties": {"id": "d4966e6a-f3ed-4618-9a94-4382b556089b", "poi_type": "water_source", "poi_type_pt": "Fonte de água", "poi_type_en": "Water source", "photo": "https://streetcostorage.blob.core.windows.net/poi-photo-prod/d4966e6a-f3ed-4618-9a94-4382b556089b.jpeg", "origin": "streetco", "reported_at": "2026-08-28T16:36:41", "condition": "functional", "accessibility": "accessible", "cleanliness": null, "specifications": "functional, accessible"}, "geometry": {"type": "Point", "coordinates": [-9.129309169126032, 38.70915828631888]}}, {"type": "Feature", "properties": {"id": "dad8515c-2907-47e9-a5ea-ac73b875a125", "poi_type": "bench", "poi_type_pt": "Banco", "poi_type_en": "Bench", "photo": "https://streetcostorage.blob.core.windows.net/poi-photo-prod/dad8515c-2907-47e9-a5ea-ac73b875a125.jpeg", "origin": "streetco", "reported_at": "2026-08-21T10:35:57", "condition": "functional", "accessibility": null, "cleanliness": "clean", "specifications": "clean, functional"}, "geometry": {"type": "Point", "coordinates": [-9.211784385502142, 38.705725608010454]}}, {"type": "Feature", "properties": {"id": "2e4ffa15-9e1b-4374-b656-f25bfbec161a", "poi_type": "bench", "poi_type_pt": "Banco", "poi_type_en": "Bench", "photo": "https://streetcostorage.blob.core.windows.net/poi-photo-prod/2e4ffa15-9e1b-4374-b656-f25bfbec161a.jpeg", "origin": "streetco", "reported_at": "2026-08-21T10:33:48", "condition": "functional", "accessibility": null, "cleanliness": "clean", "specifications": "clean, functional"}, "geometry": {"type": "Point", "coordinates": [-9.210807125134693, 38.70679736627585]}}, {"type": "Feature", "properties": {"id": "57acaf1c-734e-40bf-bfbe-1ed21b7c1b26", "poi_type": "bench", "poi_type_pt": "Banco", "poi_type_en": "Bench", "photo": "https://streetcostorage.blob.core.windows.net/poi-photo-prod/57acaf1c-734e-40bf-bfbe-1ed21b7c1b26.jpeg", "origin": "streetco", "reported_at": "2026-08-21T10:22:11", "condition": "functional", "accessibility": null, "cleanliness": "clean", "specifications": "clean, functional"}, "geometry": {"type": "Point", "coordinates": [-9.20737758893631, 38.705623867832315]}}, {"type": "Feature", "properties": {"id": "c8be7c88-edbe-4955-b1f4-f5c1c39a9ad8", "poi_type": "parking", "poi_type_pt": "Estacionamento", "poi_type_en": "Parking", "photo": "https://streetcostorage.blob.core.windows.net/poi-photo-prod/c8be7c88-edbe-4955-b1f4-f5c1c39a9ad8.jpeg", "origin": "streetco", "reported_at": "2026-08-20T20:25:19", "condition": null, "accessibility": null, "cleanliness": null, "specifications": ""}, "geometry": {"type": "Point", "coordinates": [-9.150107101690992, 38.731258467349875]}}, {"type": "Feature", "properties": {"id": "5b1f4c65-c0d0-4010-bffb-a99099d9c265", "poi_type": "parking", "poi_type_pt": "Estacionamento", "poi_type_en": "Parking", "photo": "https://streetcostorage.blob.core.windows.net/poi-photo-prod/5b1f4c65-c0d0-4010-bffb-a99099d9c265.jpeg", "origin": "streetco", "reported_at": "2026-08-20T20:24:51", "condition": null, "accessibility": null, "cleanliness": null, "specifications": ""}, "geometry": {"type": "Point", "coordinates": [-9.149787652817054, 38.73183256853102]}}, {"type": "Feature", "properties": {"id": "89b0ffd7-43ed-4f52-ae3b-96273edc4015", "poi_type": "bench", "poi_type_pt": "Banco", "poi_type_en": "Bench", "photo": "https://streetcostorage.blob.core.windows.net/poi-photo-prod/89b0ffd7-43ed-4f52-ae3b-96273edc4015.jpeg", "origin": "streetco", "reported_at": "2026-08-20T20:18:05", "condition": "functional", "accessibility": null, "cleanliness": "clean", "specifications": "clean, functional"}, "geometry": {"type": "Point", "coordinates": [-9.150218463545002, 38.73306706905444]}}, {"type": "Feature", "properties": {"id": "0e4f9f1d-cbcc-4c31-8030-b4ea59528c63", "poi_type": "water_source", "poi_type_pt": "Fonte de água", "poi_type_en": "Water source", "photo": "https://streetcostorage.blob.core.windows.net/poi-photo-prod/0e4f9f1d-cbcc-4c31-8030-b4ea59528c63.jpeg", "origin": "streetco", "reported_at": "2026-08-19T19:20:54", "condition": "functional", "accessibility": "not_accessible", "cleanliness": null, "specifications": "functional, not_accessible"}, "geometry": {"type": "Point", "coordinates": [-9.199304634718374, 38.69628125085251]}}, {"type": "Feature", "properties": {"id": "8e175a0f-14ca-4427-8340-e3da091238d7", "poi_type": "toilets", "poi_type_pt": "Instalação sanitária", "poi_type_en": "Toilets", "photo": "https://streetcostorage.blob.core.windows.net/poi-photo-prod/8e175a0f-14ca-4427-8340-e3da091238d7.jpeg", "origin": "streetco", "reported_at": "2026-08-18T16:40:11", "condition": "functional", "accessibility": "not_accessible", "cleanliness": "clean", "specifications": "clean, functional, not_accessible"}, "geometry": {"type": "Point", "coordinates": [-9.156200013176658, 38.70654959983048]}}, {"type": "Feature", "properties": {"id": "6ee6a98b-9f5d-49e3-850a-38e62efad17e", "poi_type": "water_source", "poi_type_pt": "Fonte de água", "poi_type_en": "Water source", "photo": "https://streetcostorage.blob.core.windows.net/poi-photo-prod/6ee6a98b-9f5d-49e3-850a-38e62efad17e.jpeg", "origin": "streetco", "reported_at": "2026-08-18T16:39:47", "condition": "functional", "accessibility": "accessible", "cleanliness": null, "specifications": "functional, accessible"}, "geometry": {"type": "Point", "coordinates": [-9.156004952664262, 38.706563858356986]}}, {"type": "Feature", "properties": {"id": "8f7b10a2-d6e5-42fc-943c-b77e82826650", "poi_type": "bench", "poi_type_pt": "Banco", "poi_type_en": "Bench", "photo": "https://streetcostorage.blob.core.windows.net/poi-photo-prod/8f7b10a2-d6e5-42fc-943c-b77e82826650.jpeg", "origin": "streetco", "reported_at": "2026-08-18T16:12:15", "condition": "functional", "accessibility": null, "cleanliness": "dirty", "specifications": "dirty, functional"}, "geometry": {"type": "Point", "coordinates": [-9.140052810565635, 38.708860292820475]}}, {"type": "Feature", "properties": {"id": "73be8d66-abe2-4ed5-b616-f9a59131825b", "poi_type": "parking", "poi_type_pt": "Estacionamento", "poi_type_en": "Parking", "photo": "https://streetcostorage.blob.core.windows.net/poi-photo-prod/73be8d66-abe2-4ed5-b616-f9a59131825b.jpeg", "origin": "streetco", "reported_at": "2026-08-18T16:03:42", "condition": null, "accessibility": null, "cleanliness": null, "specifications": ""}, "geometry": {"type": "Point", "coordinates": [-9.142215913998598, 38.71112553165966]}}, {"type": "Feature", "properties": {"id": "81a05074-a9b5-458f-b437-ecbd15938aed", "poi_type": "bench", "poi_type_pt": "Banco", "poi_type_en": "Bench", "photo": "https://streetcostorage.blob.core.windows.net/poi-photo-prod/81a05074-a9b5-458f-b437-ecbd15938aed.jpeg", "origin": "streetco", "reported_at": "2026-08-18T13:57:21", "condition": "functional", "accessibility": null, "cleanliness": "clean", "specifications": "clean, functional"}, "geometry": {"type": "Point", "coordinates": [-9.124173803385474, 38.72824677397142]}}, {"type": "Feature", "properties": {"id": "3726759f-75ac-45ac-a947-000a18958844", "poi_type": "bench", "poi_type_pt": "Banco", "poi_type_en": "Bench", "photo": "https://streetcostorage.blob.core.windows.net/poi-photo-prod/3726759f-75ac-45ac-a947-000a18958844.jpeg", "origin": "streetco", "reported_at": "2026-08-17T18:41:43", "condition": "functional", "accessibility": null, "cleanliness": "dirty", "specifications": "dirty, functional"}, "geometry": {"type": "Point", "coordinates": [-9.126784786126564, 38.72457021307545]}}, {"type": "Feature", "properties": {"id": "909364c8-8d28-4fac-a9b8-b004df414293", "poi_type": "bench", "poi_type_pt": "Banco", "poi_type_en": "Bench", "photo": "https://streetcostorage.blob.core.windows.net/poi-photo-prod/909364c8-8d28-4fac-a9b8-b004df414293.jpeg", "origin": "streetco", "reported_at": "2026-08-17T18:39:09", "condition": "functional", "accessibility": null, "cleanliness": "dirty", "specifications": "dirty, functional"}, "geometry": {"type": "Point", "coordinates": [-9.127769880636492, 38.72420761806063]}}, {"type": "Feature", "properties": {"id": "385e7d5a-b766-47a3-8fb9-c9e4a33be041", "poi_type": "parking", "poi_type_pt": "Estacionamento", "poi_type_en": "Parking", "photo": "https://streetcostorage.blob.core.windows.net/poi-photo-prod/385e7d5a-b766-47a3-8fb9-c9e4a33be041.jpeg", "origin": "streetco", "reported_at": "2026-08-17T18:37:25", "condition": null, "accessibility": null, "cleanliness": null, "specifications": ""}, "geometry": {"type": "Point", "coordinates": [-9.128537250951695, 38.72366890155274]}}, {"type": "Feature", "properties": {"id": "52498e1a-da1e-485e-9264-483067f57e7b", "poi_type": "bench", "poi_type_pt": "Banco", "poi_type_en": "Bench", "photo": "https://streetcostorage.blob.core.windows.net/poi-photo-prod/52498e1a-da1e-485e-9264-483067f57e7b.jpeg", "origin": "streetco", "reported_at": "2026-08-17T18:36:36", "condition": "functional", "accessibility": null, "cleanliness": "dirty", "specifications": "dirty, functional"}, "geometry": {"type": "Point", "coordinates": [-9.12881949711516, 38.72289528342438]}}, {"type": "Feature", "properties": {"id": "2eeb8e90-31b6-4356-8610-00ab15746aa3", "poi_type": "bench", "poi_type_pt": "Banco", "poi_type_en": "Bench", "photo": "https://streetcostorage.blob.core.windows.net/poi-photo-prod/2eeb8e90-31b6-4356-8610-00ab15746aa3.jpeg", "origin": "streetco", "reported_at": "2026-08-17T17:31:17", "condition": "functional", "accessibility": null, "cleanliness": "clean", "specifications": "clean, functional"}, "geometry": {"type": "Point", "coordinates": [-9.226951217603983, 38.711323972712876]}}, {"type": "Feature", "properties": {"id": "6af2c160-1e7c-4170-9b11-940f0240648f", "poi_type": "bench", "poi_type_pt": "Banco", "poi_type_en": "Bench", "photo": "https://streetcostorage.blob.core.windows.net/poi-photo-prod/6af2c160-1e7c-4170-9b11-940f0240648f.jpeg", "origin": "streetco", "reported_at": "2026-08-17T17:20:55", "condition": "functional", "accessibility": null, "cleanliness": "clean", "specifications": "clean, functional"}, "geometry": {"type": "Point", "coordinates": [-9.1347783834143, 38.71244308240921]}}, {"type": "Feature", "properties": {"id": "521562de-3677-451c-a1f0-a8c29e9c2f1e", "poi_type": "parking", "poi_type_pt": "Estacionamento", "poi_type_en": "Parking", "photo": "https://streetcostorage.blob.core.windows.net/poi-photo-prod/521562de-3677-451c-a1f0-a8c29e9c2f1e.jpeg", "origin": "streetco", "reported_at": "2026-08-17T16:35:10", "condition": null, "accessibility": null, "cleanliness": null, "specifications": ""}, "geometry": {"type": "Point", "coordinates": [-9.138536255874214, 38.70837151442825]}}, {"type": "Feature", "properties": {"id": "dc357545-8627-4e4a-aa72-8e7086b0380c", "poi_type": "parking", "poi_type_pt": "Estacionamento", "poi_type_en": "Parking", "photo": "https://streetcostorage.blob.core.windows.net/poi-photo-prod/dc357545-8627-4e4a-aa72-8e7086b0380c.jpeg", "origin": "streetco", "reported_at": "2026-08-17T12:10:55", "condition": null, "accessibility": null, "cleanliness": null, "specifications": ""}, "geometry": {"type": "Point", "coordinates": [-9.138607345829769, 38.71187229665705]}}, {"type": "Feature", "properties": {"id": "bccf612c-e87e-4272-9a91-37e5cc4edd74", "poi_type": "water_source", "poi_type_pt": "Fonte de água", "poi_type_en": "Water source", "photo": "https://streetcostorage.blob.core.windows.net/poi-photo-prod/bccf612c-e87e-4272-9a91-37e5cc4edd74.jpeg", "origin": "streetco", "reported_at": "2026-08-17T11:54:12", "condition": "broken", "accessibility": "accessible", "cleanliness": null, "specifications": "broken, accessible"}, "geometry": {"type": "Point", "coordinates": [-9.13934226096194, 38.709790302353866]}}, {"type": "Feature", "properties": {"id": "6b295a3d-a8cb-4a55-9afe-37f0b69211cb", "poi_type": "water_source", "poi_type_pt": "Fonte de água", "poi_type_en": "Water source", "photo": "https://streetcostorage.blob.core.windows.net/poi-photo-prod/6b295a3d-a8cb-4a55-9afe-37f0b69211cb.jpeg", "origin": "streetco", "reported_at": "2026-08-16T20:23:43", "condition": "functional", "accessibility": "not_accessible", "cleanliness": null, "specifications": "functional, not_accessible"}, "geometry": {"type": "Point", "coordinates": [-9.149051619452393, 38.72549317646531]}}, {"type": "Feature", "properties": {"id": "a2491ab7-3f38-407f-9485-09a6e53e18e6", "poi_type": "bench", "poi_type_pt": "Banco", "poi_type_en": "Bench", "photo": "https://streetcostorage.blob.core.windows.net/poi-photo-prod/a2491ab7-3f38-407f-9485-09a6e53e18e6.jpeg", "origin": "streetco", "reported_at": "2026-08-16T20:23:30", "condition": "functional", "accessibility": null, "cleanliness": "clean", "specifications": "clean, functional"}, "geometry": {"type": "Point", "coordinates": [-9.14918217175034, 38.72549317790785]}}, {"type": "Feature", "properties": {"id": "896eeac6-9d00-4fe9-a9d8-f8a4991b84c5", "poi_type": "water_source", "poi_type_pt": "Fonte de água", "poi_type_en": "Water source", "photo": "https://streetcostorage.blob.core.windows.net/poi-photo-prod/896eeac6-9d00-4fe9-a9d8-f8a4991b84c5.jpeg", "origin": "streetco", "reported_at": "2026-08-15T17:06:25", "condition": "functional", "accessibility": "accessible", "cleanliness": null, "specifications": "functional, accessible"}, "geometry": {"type": "Point", "coordinates": [-9.18077626744548, 38.75093371447403]}}, {"type": "Feature", "properties": {"id": "bea58f24-2464-4762-a3a5-bffe49698ab0", "poi_type": "bench", "poi_type_pt": "Banco", "poi_type_en": "Bench", "photo": "https://streetcostorage.blob.core.windows.net/poi-photo-prod/bea58f24-2464-4762-a3a5-bffe49698ab0.jpeg", "origin": "streetco", "reported_at": "2026-08-15T16:56:31", "condition": "functional", "accessibility": null, "cleanliness": "clean", "specifications": "clean, functional"}, "geometry": {"type": "Point", "coordinates": [-9.178522293855394, 38.75517015802552]}}, {"type": "Feature", "properties": {"id": "8b507de5-e456-4162-8bd4-3f6ba8a2d0fd", "poi_type": "parking", "poi_type_pt": "Estacionamento", "poi_type_en": "Parking", "photo": "https://streetcostorage.blob.core.windows.net/poi-photo-prod/8b507de5-e456-4162-8bd4-3f6ba8a2d0fd.jpeg", "origin": "streetco", "reported_at": "2026-08-15T16:55:54", "condition": null, "accessibility": null, "cleanliness": null, "specifications": ""}, "geometry": {"type": "Point", "coordinates": [-9.179170463632772, 38.755004696694414]}}, {"type": "Feature", "properties": {"id": "dfce206a-4c12-46e0-82c5-d19bff9072d4", "poi_type": "parking", "poi_type_pt": "Estacionamento", "poi_type_en": "Parking", "photo": "https://streetcostorage.blob.core.windows.net/poi-photo-prod/dfce206a-4c12-46e0-82c5-d19bff9072d4.jpeg", "origin": "streetco", "reported_at": "2026-08-15T16:44:23", "condition": null, "accessibility": null, "cleanliness": null, "specifications": ""}, "geometry": {"type": "Point", "coordinates": [-9.18003773336818, 38.7523140403259]}}, {"type": "Feature", "properties": {"id": "cdea457e-f52e-4aff-a9f8-33a3ce8ed452", "poi_type": "bench", "poi_type_pt": "Banco", "poi_type_en": "Bench", "photo": "https://streetcostorage.blob.core.windows.net/poi-photo-prod/cdea457e-f52e-4aff-a9f8-33a3ce8ed452.jpeg", "origin": "streetco", "reported_at": "2026-08-15T16:31:30", "condition": "functional", "accessibility": null, "cleanliness": "clean", "specifications": "clean, functional"}, "geometry": {"type": "Point", "coordinates": [-9.181974589149263, 38.754720772051]}}, {"type": "Feature", "properties": {"id": "04d590fd-8890-47c6-b517-546da3596705", "poi_type": "water_source", "poi_type_pt": "Fonte de água", "poi_type_en": "Water source", "photo": "https://streetcostorage.blob.core.windows.net/poi-photo-prod/04d590fd-8890-47c6-b517-546da3596705.jpeg", "origin": "streetco", "reported_at": "2026-08-15T16:17:17", "condition": "functional", "accessibility": "accessible", "cleanliness": null, "specifications": "functional, accessible"}, "geometry": {"type": "Point", "coordinates": [-9.182819581969397, 38.75397800388663]}}, {"type": "Feature", "properties": {"id": "ddca4608-f96d-4df9-a72d-490f33ff649d", "poi_type": "bench", "poi_type_pt": "Banco", "poi_type_en": "Bench", "photo": "https://streetcostorage.blob.core.windows.net/poi-photo-prod/ddca4608-f96d-4df9-a72d-490f33ff649d.jpeg", "origin": "streetco", "reported_at": "2026-08-15T11:22:36", "condition": "functional", "accessibility": null, "cleanliness": "clean", "specifications": "clean, functional"}, "geometry": {"type": "Point", "coordinates": [-9.207551212196563, 38.706663012025416]}}, {"type": "Feature", "properties": {"id": "1c7860d7-8c0c-4ef2-8eeb-d525869a29bb", "poi_type": "bench", "poi_type_pt": "Banco", "poi_type_en": "Bench", "photo": "https://streetcostorage.blob.core.windows.net/poi-photo-prod/1c7860d7-8c0c-4ef2-8eeb-d525869a29bb.jpeg", "origin": "streetco", "reported_at": "2026-08-14T19:08:25", "condition": "functional", "accessibility": null, "cleanliness": "clean", "specifications": "clean, functional"}, "geometry": {"type": "Point", "coordinates": [-9.178427124400969, 38.75477712439579]}}, {"type": "Feature", "properties": {"id": "48199579-7f85-4fdf-89d4-01eb7b4d8feb", "poi_type": "bench", "poi_type_pt": "Banco", "poi_type_en": "Bench", "photo": "https://streetcostorage.blob.core.windows.net/poi-photo-prod/48199579-7f85-4fdf-89d4-01eb7b4d8feb.jpeg", "origin": "streetco", "reported_at": "2026-08-14T18:49:18", "condition": "functional", "accessibility": null, "cleanliness": "clean", "specifications": "clean, functional"}, "geometry": {"type": "Point", "coordinates": [-9.177474652007845, 38.75560140499363]}}, {"type": "Feature", "properties": {"id": "b0984e35-7345-4cfe-92da-5cc1dcd12193", "poi_type": "water_source", "poi_type_pt": "Fonte de água", "poi_type_en": "Water source", "photo": "https://streetcostorage.blob.core.windows.net/poi-photo-prod/b0984e35-7345-4cfe-92da-5cc1dcd12193.jpeg", "origin": "streetco", "reported_at": "2026-08-14T18:27:19", "condition": "functional", "accessibility": "accessible", "cleanliness": null, "specifications": "functional, accessible"}, "geometry": {"type": "Point", "coordinates": [-9.178191861466303, 38.75651156585877]}}, {"type": "Feature", "properties": {"id": "e9165627-c6cb-428e-ad44-d0d58bd3d06f", "poi_type": "bench", "poi_type_pt": "Banco", "poi_type_en": "Bench", "photo": "https://streetcostorage.blob.core.windows.net/poi-photo-prod/e9165627-c6cb-428e-ad44-d0d58bd3d06f.jpeg", "origin": "streetco", "reported_at": "2026-08-14T18:25:01", "condition": "functional", "accessibility": null, "cleanliness": "clean", "specifications": "clean, functional"}, "geometry": {"type": "Point", "coordinates": [-9.178398968759666, 38.75626462573129]}}, {"type": "Feature", "properties": {"id": "cdee68a7-b9dc-457a-a60f-ecae1eb2ac52", "poi_type": "water_source", "poi_type_pt": "Fonte de água", "poi_type_en": "Water source", "photo": "https://streetcostorage.blob.core.windows.net/poi-photo-prod/cdee68a7-b9dc-457a-a60f-ecae1eb2ac52.jpeg", "origin": "streetco", "reported_at": "2026-08-14T18:24:41", "condition": "broken", "accessibility": "accessible", "cleanliness": null, "specifications": "broken, accessible"}, "geometry": {"type": "Point", "coordinates": [-9.178313884181762, 38.75616854634478]}}, {"type": "Feature", "properties": {"id": "076ab6a5-3315-4bd7-b774-7cce3e33ba60", "poi_type": "bench", "poi_type_pt": "Banco", "poi_type_en": "Bench", "photo": "https://streetcostorage.blob.core.windows.net/poi-photo-prod/076ab6a5-3315-4bd7-b774-7cce3e33ba60.jpeg", "origin": "streetco", "reported_at": "2026-08-14T08:40:37", "condition": "functional", "accessibility": null, "cleanliness": "clean", "specifications": "clean, functional"}, "geometry": {"type": "Point", "coordinates": [-9.168110685367765, 38.748039968888634]}}, {"type": "Feature", "properties": {"id": "50994f84-4f49-4e5a-a6b6-3a2385591564", "poi_type": "parking", "poi_type_pt": "Estacionamento", "poi_type_en": "Parking", "photo": "https://streetcostorage.blob.core.windows.net/poi-photo-prod/50994f84-4f49-4e5a-a6b6-3a2385591564.jpeg", "origin": "streetco", "reported_at": "2026-08-13T21:42:03", "condition": null, "accessibility": null, "cleanliness": null, "specifications": ""}, "geometry": {"type": "Point", "coordinates": [-9.139701732949675, 38.75616784751381]}}, {"type": "Feature", "properties": {"id": "a6623be3-8ae2-44c3-abd7-ee5843fad907", "poi_type": "water_source", "poi_type_pt": "Fonte de água", "poi_type_en": "Water source", "photo": "https://streetcostorage.blob.core.windows.net/poi-photo-prod/a6623be3-8ae2-44c3-abd7-ee5843fad907.jpeg", "origin": "streetco", "reported_at": "2026-08-13T21:29:11", "condition": "functional", "accessibility": "not_accessible", "cleanliness": null, "specifications": "functional, not_accessible"}, "geometry": {"type": "Point", "coordinates": [-9.13985614909734, 38.75626383091864]}}, {"type": "Feature", "properties": {"id": "e66ebd31-6d2b-48e2-be5c-cc82f3723d86", "poi_type": "toilets", "poi_type_pt": "Instalação sanitária", "poi_type_en": "Toilets", "photo": "https://streetcostorage.blob.core.windows.net/poi-photo-prod/e66ebd31-6d2b-48e2-be5c-cc82f3723d86.jpeg", "origin": "streetco", "reported_at": "2026-08-12T16:53:49", "condition": "functional", "accessibility": "not_accessible", "cleanliness": "dirty", "specifications": "dirty, functional, not_accessible"}, "geometry": {"type": "Point", "coordinates": [-9.143095840677802, 38.71315593236551]}}, {"type": "Feature", "properties": {"id": "369b7d3c-4fd2-4688-91fa-1de71e9f46a0", "poi_type": "water_source", "poi_type_pt": "Fonte de água", "poi_type_en": "Water source", "photo": "https://streetcostorage.blob.core.windows.net/poi-photo-prod/369b7d3c-4fd2-4688-91fa-1de71e9f46a0.jpeg", "origin": "streetco", "reported_at": "2026-08-09T15:16:19", "condition": "functional", "accessibility": "not_accessible", "cleanliness": null, "specifications": "functional, not_accessible"}, "geometry": {"type": "Point", "coordinates": [-9.158985839030947, 38.75302862063111]}}, {"type": "Feature", "properties": {"id": "2ac58937-5a97-4e1a-baee-ddb31d6584b2", "poi_type": "bench", "poi_type_pt": "Banco", "poi_type_en": "Bench", "photo": "https://streetcostorage.blob.core.windows.net/poi-photo-prod/2ac58937-5a97-4e1a-baee-ddb31d6584b2.jpeg", "origin": "streetco", "reported_at": "2026-08-09T15:01:18", "condition": "functional", "accessibility": null, "cleanliness": "clean", "specifications": "clean, functional"}, "geometry": {"type": "Point", "coordinates": [-9.165552605414291, 38.75201830319634]}}, {"type": "Feature", "properties": {"id": "621c6a5e-3ae8-4870-be5e-d8713d421c7b", "poi_type": "bench", "poi_type_pt": "Banco", "poi_type_en": "Bench", "photo": "https://streetcostorage.blob.core.windows.net/poi-photo-prod/621c6a5e-3ae8-4870-be5e-d8713d421c7b.jpeg", "origin": "streetco", "reported_at": "2026-08-09T14:37:24", "condition": "functional", "accessibility": null, "cleanliness": "clean", "specifications": "clean, functional"}, "geometry": {"type": "Point", "coordinates": [-9.175128506264173, 38.75448287100639]}}, {"type": "Feature", "properties": {"id": "c5d18383-29d9-4530-b7f0-a933b1d69152", "poi_type": "bench", "poi_type_pt": "Banco", "poi_type_en": "Bench", "photo": "https://streetcostorage.blob.core.windows.net/poi-photo-prod/c5d18383-29d9-4530-b7f0-a933b1d69152.jpeg", "origin": "streetco", "reported_at": "2026-08-09T14:36:09", "condition": "functional", "accessibility": null, "cleanliness": "clean", "specifications": "clean, functional"}, "geometry": {"type": "Point", "coordinates": [-9.175430110575235, 38.75461066472744]}}, {"type": "Feature", "properties": {"id": "4ac45854-dcd2-497a-882c-8aa7eb9e74b7", "poi_type": "water_source", "poi_type_pt": "Fonte de água", "poi_type_en": "Water source", "photo": "https://streetcostorage.blob.core.windows.net/poi-photo-prod/4ac45854-dcd2-497a-882c-8aa7eb9e74b7.jpeg", "origin": "streetco", "reported_at": "2026-08-09T14:24:43", "condition": "functional", "accessibility": "not_accessible", "cleanliness": null, "specifications": "functional, not_accessible"}, "geometry": {"type": "Point", "coordinates": [-9.169888459707863, 38.75605145714579]}}, {"type": "Feature", "properties": {"id": "7a6b4383-761b-47a8-9e7c-015d5bb0d64d", "poi_type": "bench", "poi_type_pt": "Banco", "poi_type_en": "Bench", "photo": "https://streetcostorage.blob.core.windows.net/poi-photo-prod/7a6b4383-761b-47a8-9e7c-015d5bb0d64d.jpeg", "origin": "streetco", "reported_at": "2026-08-09T14:23:44", "condition": "functional", "accessibility": null, "cleanliness": "clean", "specifications": "clean, functional"}, "geometry": {"type": "Point", "coordinates": [-9.16958620884111, 38.75608095682381]}}, {"type": "Feature", "properties": {"id": "088ca2fc-a44d-490e-a5e1-5d6c8ef85c52", "poi_type": "bench", "poi_type_pt": "Banco", "poi_type_en": "Bench", "photo": "https://streetcostorage.blob.core.windows.net/poi-photo-prod/088ca2fc-a44d-490e-a5e1-5d6c8ef85c52.jpeg", "origin": "streetco", "reported_at": "2026-08-09T14:23:26", "condition": "functional", "accessibility": null, "cleanliness": "clean", "specifications": "clean, functional"}, "geometry": {"type": "Point", "coordinates": [-9.169435201832016, 38.75599417089359]}}, {"type": "Feature", "properties": {"id": "5cb8d955-b9a8-48fa-b5ef-360f78b8954c", "poi_type": "water_source", "poi_type_pt": "Fonte de água", "poi_type_en": "Water source", "photo": "https://streetcostorage.blob.core.windows.net/poi-photo-prod/5cb8d955-b9a8-48fa-b5ef-360f78b8954c.jpeg", "origin": "streetco", "reported_at": "2026-08-08T19:08:38", "condition": "functional", "accessibility": "accessible", "cleanliness": null, "specifications": "functional, accessible"}, "geometry": {"type": "Point", "coordinates": [-9.18964797782462, 38.751972869021216]}}, {"type": "Feature", "properties": {"id": "44d1d14b-b5d0-417a-9257-5ceb8a467941", "poi_type": "bench", "poi_type_pt": "Banco", "poi_type_en": "Bench", "photo": "https://streetcostorage.blob.core.windows.net/poi-photo-prod/44d1d14b-b5d0-417a-9257-5ceb8a467941.jpeg", "origin": "streetco", "reported_at": "2026-08-08T19:04:57", "condition": "functional", "accessibility": null, "cleanliness": "clean", "specifications": "clean, functional"}, "geometry": {"type": "Point", "coordinates": [-9.191390298724173, 38.75136068368067]}}, {"type": "Feature", "properties": {"id": "293dd727-ee48-432e-b903-81b84f0bf261", "poi_type": "parking", "poi_type_pt": "Estacionamento", "poi_type_en": "Parking", "photo": "https://streetcostorage.blob.core.windows.net/poi-photo-prod/293dd727-ee48-432e-b903-81b84f0bf261.jpeg", "origin": "streetco", "reported_at": "2026-08-08T18:26:18", "condition": null, "accessibility": null, "cleanliness": null, "specifications": ""}, "geometry": {"type": "Point", "coordinates": [-9.17675261375166, 38.743444965716094]}}, {"type": "Feature", "properties": {"id": "6f424ec5-c9a8-4039-a5c4-86a595a5793b", "poi_type": "water_source", "poi_type_pt": "Fonte de água", "poi_type_en": "Water source", "photo": "https://streetcostorage.blob.core.windows.net/poi-photo-prod/6f424ec5-c9a8-4039-a5c4-86a595a5793b.jpeg", "origin": "streetco", "reported_at": "2026-08-08T18:21:59", "condition": "functional", "accessibility": "not_accessible", "cleanliness": null, "specifications": "functional, not_accessible"}, "geometry": {"type": "Point", "coordinates": [-9.177986845770647, 38.743057923027635]}}, {"type": "Feature", "properties": {"id": "dc554b9a-8090-4170-b645-91ba85e617a0", "poi_type": "parking", "poi_type_pt": "Estacionamento", "poi_type_en": "Parking", "photo": "https://streetcostorage.blob.core.windows.net/poi-photo-prod/dc554b9a-8090-4170-b645-91ba85e617a0.jpeg", "origin": "streetco", "reported_at": "2026-08-08T18:20:45", "condition": null, "accessibility": null, "cleanliness": null, "specifications": ""}, "geometry": {"type": "Point", "coordinates": [-9.178213979412249, 38.743382069577535]}}, {"type": "Feature", "properties": {"id": "8d7a7379-137f-4f62-94c9-7813d6aa2586", "poi_type": "parking", "poi_type_pt": "Estacionamento", "poi_type_en": "Parking", "photo": "https://streetcostorage.blob.core.windows.net/poi-photo-prod/8d7a7379-137f-4f62-94c9-7813d6aa2586.jpeg", "origin": "streetco", "reported_at": "2026-08-08T18:19:15", "condition": null, "accessibility": null, "cleanliness": null, "specifications": ""}, "geometry": {"type": "Point", "coordinates": [-9.178528534096358, 38.7427590260354]}}, {"type": "Feature", "properties": {"id": "6f330126-ad4e-4822-89f2-2c6cca2b5599", "poi_type": "bench", "poi_type_pt": "Banco", "poi_type_en": "Bench", "photo": "https://streetcostorage.blob.core.windows.net/poi-photo-prod/6f330126-ad4e-4822-89f2-2c6cca2b5599.jpeg", "origin": "streetco", "reported_at": "2026-08-08T17:58:55", "condition": "functional", "accessibility": null, "cleanliness": "clean", "specifications": "clean, functional"}, "geometry": {"type": "Point", "coordinates": [-9.175224856302975, 38.741114865041624]}}, {"type": "Feature", "properties": {"id": "a1d20443-1c69-457e-ad01-34aec9aa9556", "poi_type": "parking", "poi_type_pt": "Estacionamento", "poi_type_en": "Parking", "photo": "https://streetcostorage.blob.core.windows.net/poi-photo-prod/a1d20443-1c69-457e-ad01-34aec9aa9556.jpeg", "origin": "streetco", "reported_at": "2026-08-08T17:49:05", "condition": null, "accessibility": null, "cleanliness": null, "specifications": ""}, "geometry": {"type": "Point", "coordinates": [-9.173291140747438, 38.73998880990786]}}, {"type": "Feature", "properties": {"id": "adc70fd5-6e2a-4a66-a96b-abb222ff15e9", "poi_type": "bench", "poi_type_pt": "Banco", "poi_type_en": "Bench", "photo": "https://streetcostorage.blob.core.windows.net/poi-photo-prod/adc70fd5-6e2a-4a66-a96b-abb222ff15e9.jpeg", "origin": "streetco", "reported_at": "2026-08-08T17:46:27", "condition": "functional", "accessibility": null, "cleanliness": "clean", "specifications": "clean, functional"}, "geometry": {"type": "Point", "coordinates": [-9.174621634559912, 38.740478231602964]}}, {"type": "Feature", "properties": {"id": "94e585c6-f075-4112-a76c-669f5e30d361", "poi_type": "bench", "poi_type_pt": "Banco", "poi_type_en": "Bench", "photo": "https://streetcostorage.blob.core.windows.net/poi-photo-prod/94e585c6-f075-4112-a76c-669f5e30d361.jpeg", "origin": "streetco", "reported_at": "2026-08-08T17:45:41", "condition": "functional", "accessibility": null, "cleanliness": "clean", "specifications": "clean, functional"}, "geometry": {"type": "Point", "coordinates": [-9.17464803852397, 38.74056187489077]}}, {"type": "Feature", "properties": {"id": "34f89a71-808e-4882-875b-a26abfb61a6f", "poi_type": "bench", "poi_type_pt": "Banco", "poi_type_en": "Bench", "photo": "https://streetcostorage.blob.core.windows.net/poi-photo-prod/34f89a71-808e-4882-875b-a26abfb61a6f.jpeg", "origin": "streetco", "reported_at": "2026-08-07T16:56:52", "condition": "functional", "accessibility": null, "cleanliness": "dirty", "specifications": "dirty, functional"}, "geometry": {"type": "Point", "coordinates": [-9.172853825490506, 38.73992287986445]}}, {"type": "Feature", "properties": {"id": "6fdd9261-2b0c-47fb-a9e5-ec483f2874b7", "poi_type": "bench", "poi_type_pt": "Banco", "poi_type_en": "Bench", "photo": "https://streetcostorage.blob.core.windows.net/poi-photo-prod/6fdd9261-2b0c-47fb-a9e5-ec483f2874b7.jpeg", "origin": "streetco", "reported_at": "2026-08-06T17:04:24", "condition": "functional", "accessibility": null, "cleanliness": "clean", "specifications": "clean, functional"}, "geometry": {"type": "Point", "coordinates": [-9.218025950458127, 38.698486957859785]}}, {"type": "Feature", "properties": {"id": "0718e13c-a8f7-4723-98b8-34af14135b8b", "poi_type": "bench", "poi_type_pt": "Banco", "poi_type_en": "Bench", "photo": "https://streetcostorage.blob.core.windows.net/poi-photo-prod/0718e13c-a8f7-4723-98b8-34af14135b8b.jpeg", "origin": "streetco", "reported_at": "2026-08-06T17:03:38", "condition": "functional", "accessibility": null, "cleanliness": "clean", "specifications": "clean, functional"}, "geometry": {"type": "Point", "coordinates": [-9.218342033570252, 38.69875410471735]}}, {"type": "Feature", "properties": {"id": "84fb8566-0479-400a-8de8-825b57377668", "poi_type": "water_source", "poi_type_pt": "Fonte de água", "poi_type_en": "Water source", "photo": "https://streetcostorage.blob.core.windows.net/poi-photo-prod/84fb8566-0479-400a-8de8-825b57377668.jpeg", "origin": "streetco", "reported_at": "2026-08-06T12:38:08", "condition": "functional", "accessibility": "accessible", "cleanliness": null, "specifications": "functional, accessible"}, "geometry": {"type": "Point", "coordinates": [-9.14254849733527, 38.73584773151353]}}, {"type": "Feature", "properties": {"id": "1cce2de1-5143-441b-8ab3-19a65b9c8b4b", "poi_type": "bench", "poi_type_pt": "Banco", "poi_type_en": "Bench", "photo": "https://streetcostorage.blob.core.windows.net/poi-photo-prod/1cce2de1-5143-441b-8ab3-19a65b9c8b4b.jpeg", "origin": "streetco", "reported_at": "2026-08-06T12:37:45", "condition": "functional", "accessibility": null, "cleanliness": "clean", "specifications": "clean, functional"}, "geometry": {"type": "Point", "coordinates": [-9.142698870252161, 38.73613205993456]}}, {"type": "Feature", "properties": {"id": "3c15ee34-b1be-4771-adb7-1463ed57464b", "poi_type": "water_source", "poi_type_pt": "Fonte de água", "poi_type_en": "Water source", "photo": "https://streetcostorage.blob.core.windows.net/poi-photo-prod/3c15ee34-b1be-4771-adb7-1463ed57464b.jpeg", "origin": "streetco", "reported_at": "2026-08-05T17:49:42", "condition": "functional", "accessibility": "not_accessible", "cleanliness": null, "specifications": "functional, not_accessible"}, "geometry": {"type": "Point", "coordinates": [-9.15402019640021, 38.734195076104214]}}, {"type": "Feature", "properties": {"id": "bdcd2509-71c1-41c4-b2d1-ddafd657cf49", "poi_type": "bench", "poi_type_pt": "Banco", "poi_type_en": "Bench", "photo": "https://streetcostorage.blob.core.windows.net/poi-photo-prod/bdcd2509-71c1-41c4-b2d1-ddafd657cf49.jpeg", "origin": "streetco", "reported_at": "2026-08-05T17:47:17", "condition": "functional", "accessibility": null, "cleanliness": "clean", "specifications": "clean, functional"}, "geometry": {"type": "Point", "coordinates": [-9.154419517229599, 38.734353826857586]}}, {"type": "Feature", "properties": {"id": "5919f524-e528-42d1-a85e-ebed7cd65706", "poi_type": "parking", "poi_type_pt": "Estacionamento", "poi_type_en": "Parking", "photo": "https://streetcostorage.blob.core.windows.net/poi-photo-prod/5919f524-e528-42d1-a85e-ebed7cd65706.jpeg", "origin": "streetco", "reported_at": "2026-08-05T17:36:00", "condition": null, "accessibility": null, "cleanliness": null, "specifications": ""}, "geometry": {"type": "Point", "coordinates": [-9.149864307214102, 38.7359265886312]}}, {"type": "Feature", "properties": {"id": "9b2d36cb-349a-4c59-b7c0-2a6aab3b2064", "poi_type": "bench", "poi_type_pt": "Banco", "poi_type_en": "Bench", "photo": "https://streetcostorage.blob.core.windows.net/poi-photo-prod/9b2d36cb-349a-4c59-b7c0-2a6aab3b2064.jpeg", "origin": "streetco", "reported_at": "2026-08-05T17:34:04", "condition": "functional", "accessibility": null, "cleanliness": "clean", "specifications": "clean, functional"}, "geometry": {"type": "Point", "coordinates": [-9.149897504866772, 38.73646469969563]}}, {"type": "Feature", "properties": {"id": "9ffb006b-7762-49c6-93d0-4a44cc69b686", "poi_type": "parking", "poi_type_pt": "Estacionamento", "poi_type_en": "Parking", "photo": "https://streetcostorage.blob.core.windows.net/poi-photo-prod/9ffb006b-7762-49c6-93d0-4a44cc69b686.jpeg", "origin": "streetco", "reported_at": "2026-08-05T17:30:33", "condition": null, "accessibility": null, "cleanliness": null, "specifications": ""}, "geometry": {"type": "Point", "coordinates": [-9.150997891562724, 38.73706227484257]}}, {"type": "Feature", "properties": {"id": "b698fed7-ef31-46b4-af20-07c7adaa1ad0", "poi_type": "parking", "poi_type_pt": "Estacionamento", "poi_type_en": "Parking", "photo": "https://streetcostorage.blob.core.windows.net/poi-photo-prod/b698fed7-ef31-46b4-af20-07c7adaa1ad0.jpeg", "origin": "streetco", "reported_at": "2026-08-05T17:29:58", "condition": null, "accessibility": null, "cleanliness": null, "specifications": ""}, "geometry": {"type": "Point", "coordinates": [-9.151251077806819, 38.737207467691206]}}, {"type": "Feature", "properties": {"id": "8a22345b-1a96-4184-8d40-01c124914a93", "poi_type": "bench", "poi_type_pt": "Banco", "poi_type_en": "Bench", "photo": "https://streetcostorage.blob.core.windows.net/poi-photo-prod/8a22345b-1a96-4184-8d40-01c124914a93.jpeg", "origin": "streetco", "reported_at": "2026-08-05T17:28:49", "condition": "functional", "accessibility": null, "cleanliness": "clean", "specifications": "clean, functional"}, "geometry": {"type": "Point", "coordinates": [-9.151433710353103, 38.7374131320114]}}, {"type": "Feature", "properties": {"id": "8b028cc4-f417-4a71-96ae-5610f9924806", "poi_type": "parking", "poi_type_pt": "Estacionamento", "poi_type_en": "Parking", "photo": "https://streetcostorage.blob.core.windows.net/poi-photo-prod/8b028cc4-f417-4a71-96ae-5610f9924806.jpeg", "origin": "streetco", "reported_at": "2026-08-05T17:27:51", "condition": null, "accessibility": null, "cleanliness": null, "specifications": ""}, "geometry": {"type": "Point", "coordinates": [-9.150981816817989, 38.73744579315954]}}, {"type": "Feature", "properties": {"id": "4502e898-1539-440f-ba3f-925d506d09d2", "poi_type": "parking", "poi_type_pt": "Estacionamento", "poi_type_en": "Parking", "photo": "https://streetcostorage.blob.core.windows.net/poi-photo-prod/4502e898-1539-440f-ba3f-925d506d09d2.jpeg", "origin": "streetco", "reported_at": "2026-08-05T17:24:04", "condition": null, "accessibility": null, "cleanliness": null, "specifications": ""}, "geometry": {"type": "Point", "coordinates": [-9.14992148263218, 38.738222969119505]}}, {"type": "Feature", "properties": {"id": "1071bb0b-6c3d-46b4-87eb-98e0ce0b2870", "poi_type": "parking", "poi_type_pt": "Estacionamento", "poi_type_en": "Parking", "photo": "https://streetcostorage.blob.core.windows.net/poi-photo-prod/1071bb0b-6c3d-46b4-87eb-98e0ce0b2870.jpeg", "origin": "streetco", "reported_at": "2026-08-05T17:22:03", "condition": null, "accessibility": null, "cleanliness": null, "specifications": ""}, "geometry": {"type": "Point", "coordinates": [-9.14994664106598, 38.738458981188785]}}, {"type": "Feature", "properties": {"id": "ffcef4c4-ba8c-4c8e-8a29-9473d1d74063", "poi_type": "bench", "poi_type_pt": "Banco", "poi_type_en": "Bench", "photo": "https://streetcostorage.blob.core.windows.net/poi-photo-prod/ffcef4c4-ba8c-4c8e-8a29-9473d1d74063.jpeg", "origin": "streetco", "reported_at": "2026-08-05T17:18:47", "condition": "functional", "accessibility": null, "cleanliness": "clean", "specifications": "clean, functional"}, "geometry": {"type": "Point", "coordinates": [-9.151904925638291, 38.73841911231821]}}, {"type": "Feature", "properties": {"id": "554aafb0-3eb2-4a09-9b32-ac777fa44e20", "poi_type": "parking", "poi_type_pt": "Estacionamento", "poi_type_en": "Parking", "photo": "https://streetcostorage.blob.core.windows.net/poi-photo-prod/554aafb0-3eb2-4a09-9b32-ac777fa44e20.jpeg", "origin": "streetco", "reported_at": "2026-08-05T17:18:29", "condition": null, "accessibility": null, "cleanliness": null, "specifications": ""}, "geometry": {"type": "Point", "coordinates": [-9.151805750623112, 38.73837177959524]}}, {"type": "Feature", "properties": {"id": "ae916c3a-bc91-4f13-a053-85226164b896", "poi_type": "bench", "poi_type_pt": "Banco", "poi_type_en": "Bench", "photo": "https://streetcostorage.blob.core.windows.net/poi-photo-prod/ae916c3a-bc91-4f13-a053-85226164b896.jpeg", "origin": "streetco", "reported_at": "2026-08-05T17:16:22", "condition": "functional", "accessibility": null, "cleanliness": "clean", "specifications": "clean, functional"}, "geometry": {"type": "Point", "coordinates": [-9.152535536585674, 38.73784968755476]}}, {"type": "Feature", "properties": {"id": "fefff7bb-291d-48a4-9316-9e780455db8d", "poi_type": "parking", "poi_type_pt": "Estacionamento", "poi_type_en": "Parking", "photo": "https://streetcostorage.blob.core.windows.net/poi-photo-prod/fefff7bb-291d-48a4-9316-9e780455db8d.jpeg", "origin": "streetco", "reported_at": "2026-08-05T17:15:48", "condition": null, "accessibility": null, "cleanliness": null, "specifications": ""}, "geometry": {"type": "Point", "coordinates": [-9.15250683479087, 38.73768476037259]}}, {"type": "Feature", "properties": {"id": "76538d0a-66df-45fc-a4b0-9bb97f7451ed", "poi_type": "water_source", "poi_type_pt": "Fonte de água", "poi_type_en": "Water source", "photo": "https://streetcostorage.blob.core.windows.net/poi-photo-prod/76538d0a-66df-45fc-a4b0-9bb97f7451ed.jpeg", "origin": "streetco", "reported_at": "2026-08-05T16:35:25", "condition": "functional", "accessibility": "not_accessible", "cleanliness": null, "specifications": "functional, not_accessible"}, "geometry": {"type": "Point", "coordinates": [-9.151985875899868, 38.73503410511219]}}, {"type": "Feature", "properties": {"id": "93be7cf8-6324-480d-a49a-ad6c9b68727f", "poi_type": "bench", "poi_type_pt": "Banco", "poi_type_en": "Bench", "photo": "https://streetcostorage.blob.core.windows.net/poi-photo-prod/93be7cf8-6324-480d-a49a-ad6c9b68727f.jpeg", "origin": "streetco", "reported_at": "2026-08-05T12:54:43", "condition": "functional", "accessibility": null, "cleanliness": "clean", "specifications": "clean, functional"}, "geometry": {"type": "Point", "coordinates": [-9.142368842704172, 38.73949394991925]}}, {"type": "Feature", "properties": {"id": "18a6a1ff-7e04-48c6-972a-3a949a76adf4", "poi_type": "bench", "poi_type_pt": "Banco", "poi_type_en": "Bench", "photo": "https://streetcostorage.blob.core.windows.net/poi-photo-prod/18a6a1ff-7e04-48c6-972a-3a949a76adf4.jpeg", "origin": "streetco", "reported_at": "2026-08-05T12:44:31", "condition": "functional", "accessibility": null, "cleanliness": "clean", "specifications": "clean, functional"}, "geometry": {"type": "Point", "coordinates": [-9.145864477870873, 38.738878112642965]}}, {"type": "Feature", "properties": {"id": "7d825583-d7ea-44a5-9eba-a7b440a9cc99", "poi_type": "bench", "poi_type_pt": "Banco", "poi_type_en": "Bench", "photo": "https://streetcostorage.blob.core.windows.net/poi-photo-prod/7d825583-d7ea-44a5-9eba-a7b440a9cc99.jpeg", "origin": "streetco", "reported_at": "2026-08-05T12:43:53", "condition": "functional", "accessibility": null, "cleanliness": "clean", "specifications": "clean, functional"}, "geometry": {"type": "Point", "coordinates": [-9.145767704807668, 38.738498408495985]}}, {"type": "Feature", "properties": {"id": "f47466d3-b137-41ef-88a6-a6e79c586c8a", "poi_type": "bench", "poi_type_pt": "Banco", "poi_type_en": "Bench", "photo": "https://streetcostorage.blob.core.windows.net/poi-photo-prod/f47466d3-b137-41ef-88a6-a6e79c586c8a.jpeg", "origin": "streetco", "reported_at": "2026-08-05T12:42:43", "condition": "functional", "accessibility": null, "cleanliness": "clean", "specifications": "clean, functional"}, "geometry": {"type": "Point", "coordinates": [-9.145715406137015, 38.738154675684314]}}, {"type": "Feature", "properties": {"id": "3b9a8fcf-42b7-42ac-bf84-d6e6fb54c1b6", "poi_type": "bench", "poi_type_pt": "Banco", "poi_type_en": "Bench", "photo": "https://streetcostorage.blob.core.windows.net/poi-photo-prod/3b9a8fcf-42b7-42ac-bf84-d6e6fb54c1b6.jpeg", "origin": "streetco", "reported_at": "2026-08-05T12:40:46", "condition": "functional", "accessibility": null, "cleanliness": "clean", "specifications": "clean, functional"}, "geometry": {"type": "Point", "coordinates": [-9.145536173585924, 38.73750450860578]}}, {"type": "Feature", "properties": {"id": "005db6bd-7b93-4187-82e0-6fcf20c8c29f", "poi_type": "bench", "poi_type_pt": "Banco", "poi_type_en": "Bench", "photo": "https://streetcostorage.blob.core.windows.net/poi-photo-prod/005db6bd-7b93-4187-82e0-6fcf20c8c29f.jpeg", "origin": "streetco", "reported_at": "2026-08-05T07:54:01", "condition": "functional", "accessibility": null, "cleanliness": "dirty", "specifications": "dirty, functional"}, "geometry": {"type": "Point", "coordinates": [-9.142599426232891, 38.73522951082808]}}, {"type": "Feature", "properties": {"id": "c834d97a-e220-4914-b693-6c4ecdf3c53c", "poi_type": "parking", "poi_type_pt": "Estacionamento", "poi_type_en": "Parking", "photo": "https://streetcostorage.blob.core.windows.net/poi-photo-prod/c834d97a-e220-4914-b693-6c4ecdf3c53c.jpeg", "origin": "streetco", "reported_at": "2026-08-05T07:51:50", "condition": null, "accessibility": null, "cleanliness": null, "specifications": ""}, "geometry": {"type": "Point", "coordinates": [-9.144797995624003, 38.734446819893975]}}, {"type": "Feature", "properties": {"id": "069b0ee8-ec7e-496e-af9a-296905857f9d", "poi_type": "bench", "poi_type_pt": "Banco", "poi_type_en": "Bench", "photo": "https://streetcostorage.blob.core.windows.net/poi-photo-prod/069b0ee8-ec7e-496e-af9a-296905857f9d.jpeg", "origin": "streetco", "reported_at": "2026-08-04T08:27:36", "condition": "functional", "accessibility": null, "cleanliness": "dirty", "specifications": "dirty, functional"}, "geometry": {"type": "Point", "coordinates": [-9.20856542912395, 38.70748997140018]}}, {"type": "Feature", "properties": {"id": "ff808fb1-454b-4ed2-91db-49978ba13a0b", "poi_type": "parking", "poi_type_pt": "Estacionamento", "poi_type_en": "Parking", "photo": "https://streetcostorage.blob.core.windows.net/poi-photo-prod/ff808fb1-454b-4ed2-91db-49978ba13a0b.jpeg", "origin": "streetco", "reported_at": "2026-08-04T08:27:06", "condition": null, "accessibility": null, "cleanliness": null, "specifications": ""}, "geometry": {"type": "Point", "coordinates": [-9.208356575349171, 38.70722297811329]}}, {"type": "Feature", "properties": {"id": "bb878d67-21c5-4e52-a90d-796e97984cc0", "poi_type": "bench", "poi_type_pt": "Banco", "poi_type_en": "Bench", "photo": "https://streetcostorage.blob.core.windows.net/poi-photo-prod/bb878d67-21c5-4e52-a90d-796e97984cc0.jpeg", "origin": "streetco", "reported_at": "2026-08-04T08:25:37", "condition": "functional", "accessibility": null, "cleanliness": "clean", "specifications": "clean, functional"}, "geometry": {"type": "Point", "coordinates": [-9.209172829488693, 38.70741798003931]}}, {"type": "Feature", "properties": {"id": "ce4b711c-5204-4120-92b4-69bf52e80b16", "poi_type": "parking", "poi_type_pt": "Estacionamento", "poi_type_en": "Parking", "photo": "https://streetcostorage.blob.core.windows.net/poi-photo-prod/ce4b711c-5204-4120-92b4-69bf52e80b16.jpeg", "origin": "streetco", "reported_at": "2026-08-03T18:25:33", "condition": null, "accessibility": null, "cleanliness": null, "specifications": ""}, "geometry": {"type": "Point", "coordinates": [-9.211752481620692, 38.710468551695925]}}, {"type": "Feature", "properties": {"id": "da201a43-1654-4abc-8e8f-c2462dbf6241", "poi_type": "bench", "poi_type_pt": "Banco", "poi_type_en": "Bench", "photo": "https://streetcostorage.blob.core.windows.net/poi-photo-prod/da201a43-1654-4abc-8e8f-c2462dbf6241.jpeg", "origin": "streetco", "reported_at": "2026-08-02T15:38:34", "condition": "functional", "accessibility": null, "cleanliness": "clean", "specifications": "clean, functional"}, "geometry": {"type": "Point", "coordinates": [-9.213202039713451, 38.71153645657381]}}, {"type": "Feature", "properties": {"id": "17f7c8b2-1090-46e0-8fea-0cf4a5f1c587", "poi_type": "bench", "poi_type_pt": "Banco", "poi_type_en": "Bench", "photo": "https://streetcostorage.blob.core.windows.net/poi-photo-prod/17f7c8b2-1090-46e0-8fea-0cf4a5f1c587.jpeg", "origin": "streetco", "reported_at": "2026-08-02T15:38:20", "condition": "functional", "accessibility": null, "cleanliness": "clean", "specifications": "clean, functional"}, "geometry": {"type": "Point", "coordinates": [-9.213165949708127, 38.71150709643129]}}, {"type": "Feature", "properties": {"id": "1f536abb-9c78-4a43-b3d6-3573b4ad7934", "poi_type": "water_source", "poi_type_pt": "Fonte de água", "poi_type_en": "Water source", "photo": "https://streetcostorage.blob.core.windows.net/poi-photo-prod/1f536abb-9c78-4a43-b3d6-3573b4ad7934.jpeg", "origin": "streetco", "reported_at": "2026-08-02T15:37:57", "condition": "functional", "accessibility": "accessible", "cleanliness": null, "specifications": "functional, accessible"}, "geometry": {"type": "Point", "coordinates": [-9.213068052375547, 38.71130747570166]}}, {"type": "Feature", "properties": {"id": "929e232b-1652-4213-b7b3-132a9363203d", "poi_type": "water_source", "poi_type_pt": "Fonte de água", "poi_type_en": "Water source", "photo": "https://streetcostorage.blob.core.windows.net/poi-photo-prod/929e232b-1652-4213-b7b3-132a9363203d.jpeg", "origin": "streetco", "reported_at": "2026-07-31T22:11:56", "condition": "functional", "accessibility": "not_accessible", "cleanliness": null, "specifications": "functional, not_accessible"}, "geometry": {"type": "Point", "coordinates": [-9.146685982213512, 38.72085371460446]}}, {"type": "Feature", "properties": {"id": "1e6b9f16-7d19-419d-b06c-ba0bc23828e0", "poi_type": "bench", "poi_type_pt": "Banco", "poi_type_en": "Bench", "photo": "https://streetcostorage.blob.core.windows.net/poi-photo-prod/1e6b9f16-7d19-419d-b06c-ba0bc23828e0.jpeg", "origin": "streetco", "reported_at": "2026-07-31T18:00:40", "condition": "functional", "accessibility": null, "cleanliness": "dirty", "specifications": "dirty, functional"}, "geometry": {"type": "Point", "coordinates": [-9.188468509039126, 38.74644602113122]}}, {"type": "Feature", "properties": {"id": "7d3a5d92-da4e-40a6-a981-3d75f572ae14", "poi_type": "bench", "poi_type_pt": "Banco", "poi_type_en": "Bench", "photo": "https://streetcostorage.blob.core.windows.net/poi-photo-prod/7d3a5d92-da4e-40a6-a981-3d75f572ae14.jpeg", "origin": "streetco", "reported_at": "2026-07-31T17:59:32", "condition": "functional", "accessibility": null, "cleanliness": "clean", "specifications": "clean, functional"}, "geometry": {"type": "Point", "coordinates": [-9.18816506257565, 38.74638120071924]}}, {"type": "Feature", "properties": {"id": "7b3f3188-321d-4895-94cb-2ee268f9d160", "poi_type": "water_source", "poi_type_pt": "Fonte de água", "poi_type_en": "Water source", "photo": "https://streetcostorage.blob.core.windows.net/poi-photo-prod/7b3f3188-321d-4895-94cb-2ee268f9d160.jpeg", "origin": "streetco", "reported_at": "2026-07-31T17:57:10", "condition": "functional", "accessibility": "accessible", "cleanliness": null, "specifications": "functional, accessible"}, "geometry": {"type": "Point", "coordinates": [-9.1879759833339, 38.746385172646285]}}, {"type": "Feature", "properties": {"id": "4126fcfd-88af-4bcd-bc5c-0da054dec47c", "poi_type": "bench", "poi_type_pt": "Banco", "poi_type_en": "Bench", "photo": "https://streetcostorage.blob.core.windows.net/poi-photo-prod/4126fcfd-88af-4bcd-bc5c-0da054dec47c.jpeg", "origin": "streetco", "reported_at": "2026-07-31T17:56:05", "condition": "functional", "accessibility": null, "cleanliness": "clean", "specifications": "clean, functional"}, "geometry": {"type": "Point", "coordinates": [-9.187727157899758, 38.7467413035977]}}, {"type": "Feature", "properties": {"id": "efa5f721-b721-45b7-99c8-3f204b316220", "poi_type": "parking", "poi_type_pt": "Estacionamento", "poi_type_en": "Parking", "photo": "https://streetcostorage.blob.core.windows.net/poi-photo-prod/efa5f721-b721-45b7-99c8-3f204b316220.jpeg", "origin": "streetco", "reported_at": "2026-07-30T16:16:21", "condition": null, "accessibility": null, "cleanliness": null, "specifications": ""}, "geometry": {"type": "Point", "coordinates": [-9.136334825325775, 38.71309944379553]}}, {"type": "Feature", "properties": {"id": "5e61b188-51d8-437e-a7f2-319c0a677aac", "poi_type": "water_source", "poi_type_pt": "Fonte de água", "poi_type_en": "Water source", "photo": "https://streetcostorage.blob.core.windows.net/poi-photo-prod/5e61b188-51d8-437e-a7f2-319c0a677aac.jpeg", "origin": "streetco", "reported_at": "2026-07-30T16:04:16", "condition": "functional", "accessibility": "not_accessible", "cleanliness": null, "specifications": "functional, not_accessible"}, "geometry": {"type": "Point", "coordinates": [-9.131202461707062, 38.711929313933126]}}, {"type": "Feature", "properties": {"id": "d43dc01a-9ccd-4e59-a69c-aba71d67beee", "poi_type": "bench", "poi_type_pt": "Banco", "poi_type_en": "Bench", "photo": "https://streetcostorage.blob.core.windows.net/poi-photo-prod/d43dc01a-9ccd-4e59-a69c-aba71d67beee.jpeg", "origin": "streetco", "reported_at": "2026-07-30T16:02:34", "condition": "functional", "accessibility": null, "cleanliness": "clean", "specifications": "clean, functional"}, "geometry": {"type": "Point", "coordinates": [-9.131286195007306, 38.711902688398936]}}, {"type": "Feature", "properties": {"id": "3ed429ab-867b-4966-b06c-80424f4929dd", "poi_type": "water_source", "poi_type_pt": "Fonte de água", "poi_type_en": "Water source", "photo": "https://streetcostorage.blob.core.windows.net/poi-photo-prod/3ed429ab-867b-4966-b06c-80424f4929dd.jpeg", "origin": "streetco", "reported_at": "2026-07-30T15:56:23", "condition": "broken", "accessibility": "not_accessible", "cleanliness": null, "specifications": "broken, not_accessible"}, "geometry": {"type": "Point", "coordinates": [-9.130921443402144, 38.71419709656206]}}, {"type": "Feature", "properties": {"id": "969180d4-e97f-4cd4-8d87-7023a4c87f94", "poi_type": "bench", "poi_type_pt": "Banco", "poi_type_en": "Bench", "photo": "https://streetcostorage.blob.core.windows.net/poi-photo-prod/969180d4-e97f-4cd4-8d87-7023a4c87f94.jpeg", "origin": "streetco", "reported_at": "2026-07-30T15:50:43", "condition": "functional", "accessibility": null, "cleanliness": "clean", "specifications": "clean, functional"}, "geometry": {"type": "Point", "coordinates": [-9.128373618401042, 38.71479297604151]}}, {"type": "Feature", "properties": {"id": "31bb5971-9d4d-41ac-aec5-d4992245d76e", "poi_type": "bench", "poi_type_pt": "Banco", "poi_type_en": "Bench", "photo": "https://streetcostorage.blob.core.windows.net/poi-photo-prod/31bb5971-9d4d-41ac-aec5-d4992245d76e.jpeg", "origin": "streetco", "reported_at": "2026-07-30T15:40:30", "condition": "broken", "accessibility": null, "cleanliness": "dirty", "specifications": "dirty, broken"}, "geometry": {"type": "Point", "coordinates": [-9.12764095090472, 38.713627356976644]}}, {"type": "Feature", "properties": {"id": "d22cf192-ee77-4530-8092-721c7444c139", "poi_type": "bench", "poi_type_pt": "Banco", "poi_type_en": "Bench", "photo": "https://streetcostorage.blob.core.windows.net/poi-photo-prod/d22cf192-ee77-4530-8092-721c7444c139.jpeg", "origin": "streetco", "reported_at": "2026-07-30T15:35:32", "condition": "functional", "accessibility": null, "cleanliness": "clean", "specifications": "clean, functional"}, "geometry": {"type": "Point", "coordinates": [-9.127862909949613, 38.712730965867735]}}, {"type": "Feature", "properties": {"id": "91d09f9a-dc59-450f-a111-33eb0146f809", "poi_type": "bench", "poi_type_pt": "Banco", "poi_type_en": "Bench", "photo": "https://streetcostorage.blob.core.windows.net/poi-photo-prod/91d09f9a-dc59-450f-a111-33eb0146f809.jpeg", "origin": "streetco", "reported_at": "2026-07-30T15:33:30", "condition": "functional", "accessibility": null, "cleanliness": "clean", "specifications": "clean, functional"}, "geometry": {"type": "Point", "coordinates": [-9.126659700756136, 38.71262203969431]}}, {"type": "Feature", "properties": {"id": "a2321836-a403-4950-a312-70d5400d32bd", "poi_type": "bench", "poi_type_pt": "Banco", "poi_type_en": "Bench", "photo": "https://streetcostorage.blob.core.windows.net/poi-photo-prod/a2321836-a403-4950-a312-70d5400d32bd.jpeg", "origin": "streetco", "reported_at": "2026-07-30T15:30:05", "condition": "functional", "accessibility": null, "cleanliness": "clean", "specifications": "clean, functional"}, "geometry": {"type": "Point", "coordinates": [-9.125927205164544, 38.71300608464088]}}, {"type": "Feature", "properties": {"id": "6ab990b5-91f0-4f0c-9d55-966c898427d3", "poi_type": "bench", "poi_type_pt": "Banco", "poi_type_en": "Bench", "photo": "https://streetcostorage.blob.core.windows.net/poi-photo-prod/6ab990b5-91f0-4f0c-9d55-966c898427d3.jpeg", "origin": "streetco", "reported_at": "2026-07-30T15:18:52", "condition": "functional", "accessibility": null, "cleanliness": "clean", "specifications": "clean, functional"}, "geometry": {"type": "Point", "coordinates": [-9.125056316890436, 38.71353400917508]}}, {"type": "Feature", "properties": {"id": "a677bc40-456c-404d-aa6c-e55e5e50e9e2", "poi_type": "parking", "poi_type_pt": "Estacionamento", "poi_type_en": "Parking", "photo": "https://streetcostorage.blob.core.windows.net/poi-photo-prod/a677bc40-456c-404d-aa6c-e55e5e50e9e2.jpeg", "origin": "streetco", "reported_at": "2026-07-30T15:18:29", "condition": null, "accessibility": null, "cleanliness": null, "specifications": ""}, "geometry": {"type": "Point", "coordinates": [-9.125231138278991, 38.71341386426033]}}, {"type": "Feature", "properties": {"id": "79ff6170-8360-42e4-8c3c-6eb476dfc11f", "poi_type": "bench", "poi_type_pt": "Banco", "poi_type_en": "Bench", "photo": "https://streetcostorage.blob.core.windows.net/poi-photo-prod/79ff6170-8360-42e4-8c3c-6eb476dfc11f.jpeg", "origin": "streetco", "reported_at": "2026-07-30T15:15:36", "condition": "functional", "accessibility": null, "cleanliness": "clean", "specifications": "clean, functional"}, "geometry": {"type": "Point", "coordinates": [-9.126257701699842, 38.71228744522446]}}, {"type": "Feature", "properties": {"id": "6e1b0b9c-14db-4233-993c-ffe94fcc916d", "poi_type": "bench", "poi_type_pt": "Banco", "poi_type_en": "Bench", "photo": "https://streetcostorage.blob.core.windows.net/poi-photo-prod/6e1b0b9c-14db-4233-993c-ffe94fcc916d.jpeg", "origin": "streetco", "reported_at": "2026-07-30T15:15:14", "condition": "functional", "accessibility": null, "cleanliness": "clean", "specifications": "clean, functional"}, "geometry": {"type": "Point", "coordinates": [-9.126352572595579, 38.712282632201436]}}, {"type": "Feature", "properties": {"id": "2047973a-85d6-4886-b0de-57a94a2cd903", "poi_type": "water_source", "poi_type_pt": "Fonte de água", "poi_type_en": "Water source", "photo": "https://streetcostorage.blob.core.windows.net/poi-photo-prod/2047973a-85d6-4886-b0de-57a94a2cd903.jpeg", "origin": "streetco", "reported_at": "2026-07-30T14:39:34", "condition": "functional", "accessibility": "accessible", "cleanliness": null, "specifications": "functional, accessible"}, "geometry": {"type": "Point", "coordinates": [-9.146797948851145, 38.7066938746793]}}, {"type": "Feature", "properties": {"id": "caa1c16f-7719-4e65-a0fb-9386f97a6fa3", "poi_type": "parking", "poi_type_pt": "Estacionamento", "poi_type_en": "Parking", "photo": "https://streetcostorage.blob.core.windows.net/poi-photo-prod/caa1c16f-7719-4e65-a0fb-9386f97a6fa3.jpeg", "origin": "streetco", "reported_at": "2026-07-30T08:39:49", "condition": null, "accessibility": null, "cleanliness": null, "specifications": ""}, "geometry": {"type": "Point", "coordinates": [-9.211908271832954, 38.71067663846688]}}, {"type": "Feature", "properties": {"id": "07773245-577b-46ef-b7bf-8e0437f272de", "poi_type": "bench", "poi_type_pt": "Banco", "poi_type_en": "Bench", "photo": "https://streetcostorage.blob.core.windows.net/poi-photo-prod/07773245-577b-46ef-b7bf-8e0437f272de.jpeg", "origin": "streetco", "reported_at": "2026-07-30T07:43:53", "condition": "functional", "accessibility": null, "cleanliness": "clean", "specifications": "clean, functional"}, "geometry": {"type": "Point", "coordinates": [-9.210977285234094, 38.7089194663387]}}, {"type": "Feature", "properties": {"id": "15e8bebd-1b9f-4192-b088-94c30ea2e7fc", "poi_type": "parking", "poi_type_pt": "Estacionamento", "poi_type_en": "Parking", "photo": "https://streetcostorage.blob.core.windows.net/poi-photo-prod/15e8bebd-1b9f-4192-b088-94c30ea2e7fc.jpeg", "origin": "streetco", "reported_at": "2026-07-29T21:31:40", "condition": null, "accessibility": null, "cleanliness": null, "specifications": ""}, "geometry": {"type": "Point", "coordinates": [-9.164516245563732, 38.734312995830635]}}, {"type": "Feature", "properties": {"id": "71f651c4-43b3-4938-abc3-4ce2e4c9e836", "poi_type": "parking", "poi_type_pt": "Estacionamento", "poi_type_en": "Parking", "photo": "https://streetcostorage.blob.core.windows.net/poi-photo-prod/71f651c4-43b3-4938-abc3-4ce2e4c9e836.jpeg", "origin": "streetco", "reported_at": "2026-07-29T12:53:30", "condition": null, "accessibility": null, "cleanliness": null, "specifications": ""}, "geometry": {"type": "Point", "coordinates": [-9.143855756856283, 38.736714704936986]}}, {"type": "Feature", "properties": {"id": "4d8c2bbc-b9af-4afd-a156-9083c1b203e0", "poi_type": "bench", "poi_type_pt": "Banco", "poi_type_en": "Bench", "photo": "https://streetcostorage.blob.core.windows.net/poi-photo-prod/4d8c2bbc-b9af-4afd-a156-9083c1b203e0.jpeg", "origin": "streetco", "reported_at": "2026-07-29T12:42:41", "condition": "functional", "accessibility": null, "cleanliness": "clean", "specifications": "clean, functional"}, "geometry": {"type": "Point", "coordinates": [-9.143200892067398, 38.73758869176649]}}, {"type": "Feature", "properties": {"id": "4c48c03c-9d46-4a0a-9936-582f16ba91c8", "poi_type": "bench", "poi_type_pt": "Banco", "poi_type_en": "Bench", "photo": "https://streetcostorage.blob.core.windows.net/poi-photo-prod/4c48c03c-9d46-4a0a-9936-582f16ba91c8.jpeg", "origin": "streetco", "reported_at": "2026-07-28T15:43:53", "condition": "functional", "accessibility": null, "cleanliness": "clean", "specifications": "clean, functional"}, "geometry": {"type": "Point", "coordinates": [-9.184162323223404, 38.74572957244587]}}, {"type": "Feature", "properties": {"id": "52c428ee-fb32-406e-a1f0-a14649dbdd97", "poi_type": "bench", "poi_type_pt": "Banco", "poi_type_en": "Bench", "photo": "https://streetcostorage.blob.core.windows.net/poi-photo-prod/52c428ee-fb32-406e-a1f0-a14649dbdd97.jpeg", "origin": "streetco", "reported_at": "2026-07-28T15:04:14", "condition": "functional", "accessibility": null, "cleanliness": "clean", "specifications": "clean, functional"}, "geometry": {"type": "Point", "coordinates": [-9.176047081811475, 38.74514492241221]}}, {"type": "Feature", "properties": {"id": "9169b55b-e996-4285-ac31-5674247880af", "poi_type": "bench", "poi_type_pt": "Banco", "poi_type_en": "Bench", "photo": "https://streetcostorage.blob.core.windows.net/poi-photo-prod/9169b55b-e996-4285-ac31-5674247880af.jpeg", "origin": "streetco", "reported_at": "2026-07-28T15:03:39", "condition": "functional", "accessibility": null, "cleanliness": "clean", "specifications": "clean, functional"}, "geometry": {"type": "Point", "coordinates": [-9.17610821121309, 38.74512969999307]}}, {"type": "Feature", "properties": {"id": "5bd5d91e-3bf2-42dd-9e96-872c68f2c286", "poi_type": "bench", "poi_type_pt": "Banco", "poi_type_en": "Bench", "photo": "https://streetcostorage.blob.core.windows.net/poi-photo-prod/5bd5d91e-3bf2-42dd-9e96-872c68f2c286.jpeg", "origin": "streetco", "reported_at": "2025-09-16T10:56:04", "condition": null, "accessibility": null, "cleanliness": null, "specifications": ""}, "geometry": {"type": "Point", "coordinates": [-9.12995542656597, 38.7307282170857]}}, {"type": "Feature", "properties": {"id": "cebd821c-2c63-4e76-a2ba-a2e9ba48a985", "poi_type": "bench", "poi_type_pt": "Banco", "poi_type_en": "Bench", "photo": "https://streetcostorage.blob.core.windows.net/poi-photo-prod/cebd821c-2c63-4e76-a2ba-a2e9ba48a985.jpeg", "origin": "streetco", "reported_at": "2025-09-16T10:56:03", "condition": null, "accessibility": null, "cleanliness": null, "specifications": ""}, "geometry": {"type": "Point", "coordinates": [-9.12995542656597, 38.7307282170857]}}]}